30,53,2,3,5,1,1,10,8,50,5,8,15,38,24,7,7,56,6,22,6,8,1,1,12,10,1,173,4,8,2,12,64,29,12,11,53,18,28,75,3
30,64,4,3,5,1,1,10,8,50,5,8,15,38,23,7,7,56,6,22,6,8,1,1,12,10,1,173,4,8,2,12,64,29,12,11,53,18,28,75,3
30,85,4,3,5,1,1,10,8,50,5,8,15,38,23,7,7,56,6,22,6,8,1,1,11,10,1,173,4,8,2,12,64,29,12,11,53,18,28,75,3
30,90,2,3,5,1,1,10,8,50,5,8,15,38,23,7,7,56,6,22,6,8,1,1,10,10,1,173,4,8,2,12,64,29,12,11,53,18,28,75,3
30,93,4,3,5,1,1,10,8,50,5,8,15,38,23,7,7,56,6,22,6,8,1,1,10,10,1,173,4,8,2,12,64,29,12,11,53,18,28,75,3
30,96,5,3,5,1,1,10,8,50,5,8,15,38,23,6,7,56,6,22,6,8,1,1,10,10,1,173,4,8,2,12,64,29,12,11,53,18,28,75,3
30,98,2,3,5,1,1,10,8,50,5,8,15,38,23,6,6,56,6,22,6,8,1,1,10,10,1,173,4,8,2,12,64,29,12,11,53,18,28,75,3
30,105,4,3,5,1,1,10,8,50,5,8,15,38,23,6,6,56,6,22,6,8,1,1,10,10,1,173,4,8,2,12,64,29,12,10,53,18,28,75,3
30,109,6,3,5,1,1,10,8,50,5,8,15,38,23,6,6,56,6,22,6,8,1,1,9,10,1,173,4,8,2,12,64,29,12,10,53,18,28,75,3
30,130,2,3,5,1,1,10,8,50,5,8,15,38,23,6,6,56,5,22,6,8,1,1,9,10,1,173,4,8,2,12,64,29,12,10,53,18,28,75,3
30,138,5,3,5,1,1,10,8,50,5,8,15,38,22,6,6,56,5,22,6,8,1,1,9,10,1,173,4,8,2,12,64,29,12,10,53,18,28,75,3
30,139,6,3,5,1,1,10,8,50,5,8,15,38,22,6,6,56,5,22,6,8,1,1,9,9,1,173,4,8,2,12,64,29,12,10,53,18,28,75,3
30,175,5,3,5,1,1,10,8,50,5,8,15,38,22,6,6,56,5,21,6,8,1,1,9,9,1,173,4,8,2,12,64,29,12,10,53,18,28,75,3
30,181,2,3,5,1,1,10,8,50,5,8,15,38,22,6,6,56,5,21,6,8,1,1,9,8,1,173,4,8,2,12,64,29,12,10,53,18,28,75,3
30,190,2,3,5,1,1,10,8,50,5,8,15,38,22,6,6,56,5,21,6,8,1,1,9,8,1,173,4,8,2,12,64,29,12,9,53,18,28,75,3
30,194,2,3,5,1,1,10,8,50,5,8,15,38,22,6,6,56,5,21,6,8,1,1,9,8,1,173,4,8,2,12,64,29,12,8,53,18,28,75,3
30,197,2,3,5,1,1,10,8,50,5,8,15,38,22,6,6,56,5,21,6,8,1,1,9,8,1,173,4,8,2,12,64,29,12,7,53,18,28,75,3
30,198,4,3,5,1,1,10,8,50,5,8,15,38,22,6,6,56,5,21,6,8,1,1,9,8,1,173,4,8,2,12,64,29,12,6,53,18,28,75,3
30,208,4,3,5,1,1,10,8,50,5,8,15,38,22,5,6,56,5,21,6,8,1,1,9,8,1,173,4,8,2,12,64,29,12,6,53,18,28,75,3
30,229,6,3,5,1,1,10,8,50,5,8,15,38,22,5,6,56,5,21,6,8,1,1,8,8,1,173,4,8,2,12,64,29,12,6,53,18,28,75,3
30,236,5,3,5,1,1,10,8,50,5,8,15,38,22,5,6,56,4,21,6,8,1,1,8,8,1,173,4,8,2,12,64,29,12,6,53,18,28,75,3
30,266,2,3,5,1,1,10,8,50,5,8,15,38,22,5,6,56,4,21,6,8,1,1,8,7,1,173,4,8,2,12,64,29,12,6,53,18,28,75,3
30,292,2,3,5,1,1,10,8,50,5,8,15,38,21,5,6,56,4,21,6,8,1,1,8,7,1,173,4,8,2,12,64,29,12,6,53,18,28,75,3
30,294,4,3,5,1,1,10,8,50,5,8,15,38,20,5,6,56,4,21,6,8,1,1,8,7,1,173,4,8,2,12,64,29,12,6,53,18,28,75,3
30,322,4,3,5,1,1,10,8,50,5,8,15,38,20,5,6,56,4,21,6,8,1,1,7,7,1,173,4,8,2,12,64,29,12,6,53,18,28,75,3
30,332,4,3,5,1,1,10,8,50,5,8,15,38,20,4,6,56,4,21,6,8,1,1,7,7,1,173,4,8,2,12,64,29,12,6,53,18,28,75,3
30,391,4,3,5,1,1,10,8,50,5,8,15,38,20,4,6,56,4,21,6,8,1,1,6,7,1,173,4,8,2,12,64,29,12,6,53,18,28,75,3
30,396,2,3,5,1,1,10,8,50,5,8,15,38,20,3,6,56,4,21,6,8,1,1,6,7,1,173,4,8,2,12,64,29,12,6,53,18,28,75,3
30,399,6,3,5,1,1,10,8,50,5,8,15,38,19,3,6,56,4,21,6,8,1,1,6,7,1,173,4,8,2,12,64,29,12,6,53,18,28,75,3
30,408,2,3,5,1,1,10,8,50,5,8,15,38,19,3,6,56,4,21,6,8,1,1,6,7,0,173,4,8,2,12,64,29,12,6,53,18,28,75,3
30,415,5,3,5,1,1,10,8,50,5,8,15,38,19,3,6,56,4,21,6,8,1,1,6,7,0,173,4,8,2,12,64,29,12,6,53,18,28,75,2
30,433,2,3,5,1,1,10,8,50,5,8,15,38,19,3,5,56,4,21,6,8,1,1,6,7,0,173,4,8,2,12,64,29,12,6,53,18,28,75,2
30,458,5,3,5,1,1,10,8,50,5,8,15,38,19,3,5,56,4,21,6,8,1,1,6,7,0,173,4,8,2,12,64,29,12,5,53,18,28,75,2
30,461,6,3,5,1,1,10,8,50,5,8,15,38,19,3,4,56,4,21,6,8,1,1,6,7,0,173,4,8,2,12,64,29,12,5,53,18,28,75,2
30,474,2,3,5,1,1,10,8,50,5,8,15,38,19,3,4,56,3,21,6,8,1,1,6,7,0,173,4,8,2,12,64,29,12,5,53,18,28,75,2
30,476,6,3,5,1,1,10,8,50,5,8,15,38,19,3,4,56,3,21,6,8,1,1,6,7,0,173,4,8,2,12,64,29,12,5,53,18,28,75,1
30,483,5,3,5,1,1,10,8,50,5,8,15,38,19,3,4,56,2,21,6,8,1,1,6,7,0,173,4,8,2,12,64,29,12,5,53,18,28,75,1
30,494,5,3,5,1,1,10,8,50,5,8,15,38,19,3,3,56,2,21,6,8,1,1,6,7,0,173,4,8,2,12,64,29,12,5,53,18,28,75,1
30,497,4,3,5,1,1,10,8,50,5,8,15,38,19,3,3,56,2,21,6,8,1,1,6,6,0,173,4,8,2,12,64,29,12,5,53,18,28,75,1
30,537,5,3,5,1,1,10,8,50,5,8,15,38,19,3,3,56,2,21,6,8,1,1,5,6,0,173,4,8,2,12,64,29,12,5,53,18,28,75,1
30,550,5,3,5,1,1,10,8,50,5,8,15,38,19,3,2,56,2,21,6,8,1,1,5,6,0,173,4,8,2,12,64,29,12,5,53,18,28,75,1
30,565,2,3,5,1,1,10,8,50,5,8,15,38,19,3,2,56,2,21,6,8,1,1,5,5,0,173,4,8,2,12,64,29,12,5,53,18,28,75,1
30,571,4,3,5,1,1,10,8,50,5,8,15,38,19,3,2,56,2,21,6,8,1,1,5,5,0,173,4,8,2,12,64,29,12,4,53,18,28,75,1
30,580,4,3,5,1,1,10,8,50,5,8,15,38,19,2,2,56,2,21,6,8,1,1,5,5,0,173,4,8,2,12,64,29,12,4,53,18,28,75,1
30,586,2,3,5,1,1,10,8,50,5,8,15,38,19,2,2,56,2,21,6,8,1,1,5,5,0,173,4,8,2,12,64,29,12,4,53,18,28,75,1
30,598,2,3,5,1,1,10,8,50,5,8,15,38,19,2,2,56,2,21,6,8,1,1,5,5,0,173,4,8,2,12,64,29,12,3,53,18,28,75,1
30,606,2,3,5,1,1,10,8,50,5,8,15,38,19,2,2,56,2,21,6,8,1,1,5,5,0,173,4,8,2,12,64,29,12,3,53,18,28,75,0
30,609,6,3,5,1,1,10,8,50,5,8,15,38,18,2,2,56,2,21,6,8,1,1,5,5,0,173,4,8,2,12,64,29,12,3,53,18,28,75,0
30,617,4,3,5,1,1,10,8,50,5,8,15,38,18,2,2,56,2,20,6,8,1,1,5,5,0,173,4,8,2,12,64,29,12,3,53,18,28,75,0
30,668,6,3,5,1,1,10,8,50,5,8,15,38,18,2,2,56,2,20,6,8,1,1,4,5,0,173,4,8,2,12,64,29,12,3,53,18,28,75,0
30,674,6,3,5,1,1,10,8,50,5,8,15,38,18,2,2,56,1,20,6,8,1,1,4,5,0,173,4,8,2,12,64,29,12,3,53,18,28,75,0
30,691,4,3,5,1,1,10,8,50,5,8,15,38,18,2,2,56,0,20,6,8,1,1,4,5,0,173,4,8,2,12,64,29,12,3,53,18,28,75,0
30,704,4,3,5,1,1,10,8,50,5,8,15,38,18,1,2,56,0,20,6,8,1,1,4,5,0,173,4,8,2,12,64,29,12,3,53,18,28,75,0
30,709,5,3,5,1,1,10,8,50,5,8,15,38,18,1,2,56,0,20,6,8,1,1,3,5,0,173,4,8,2,12,64,29,12,3,53,18,28,75,0
30,718,2,3,5,1,1,10,8,50,5,8,15,38,18,1,2,56,0,20,6,8,1,1,3,4,0,173,4,8,2,12,64,29,12,3,53,18,28,75,0
30,725,2,3,5,1,1,10,8,50,5,8,15,38,18,1,2,56,0,20,6,8,1,1,3,4,0,173,4,8,2,12,64,29,12,3,53,18,28,74,0
30,726,4,3,5,1,1,10,8,50,5,8,15,38,17,1,2,56,0,20,6,8,1,1,3,4,0,173,4,8,2,12,64,29,12,3,53,18,28,74,0
30,734,2,3,5,1,1,10,8,50,5,8,15,38,17,1,2,56,0,20,6,8,1,1,2,4,0,173,4,8,2,12,64,29,12,3,53,18,28,74,0
30,736,2,3,5,1,1,10,8,50,5,8,15,38,16,1,2,56,0,20,6,8,1,1,2,4,0,173,4,8,2,12,64,29,12,3,53,18,28,74,0
30,750,2,3,5,1,1,10,8,50,5,8,15,38,16,1,2,56,0,20,6,8,1,1,2,4,0,173,4,8,2,12,64,29,12,2,53,18,28,74,0
30,754,2,3,5,1,1,10,8,50,5,8,15,38,16,1,2,56,0,20,6,8,1,1,2,4,0,173,4,8,2,12,64,29,12,1,53,18,28,74,0
30,785,2,3,5,1,1,10,8,50,5,8,15,38,16,1,2,56,0,20,6,8,1,1,2,4,0,173,4,8,2,12,64,29,12,0,53,18,28,74,0
30,817,5,3,5,1,1,10,8,50,5,8,15,38,16,1,2,56,0,20,6,8,1,1,2,4,0,173,4,8,2,12,64,29,12,0,53,18,28,74,0
30,842,5,3,5,1,1,10,8,50,5,8,15,38,16,1,1,56,0,20,6,8,1,1,2,4,0,173,4,8,2,12,64,29,12,0,53,18,28,74,0
30,861,5,3,5,1,1,10,8,50,5,8,15,38,16,1,0,56,0,20,6,8,1,1,2,4,0,173,4,8,2,12,64,29,12,0,53,18,28,74,0
30,869,5,3,5,1,1,10,8,50,5,8,15,38,16,1,0,56,0,20,6,8,1,1,2,3,0,173,4,8,2,12,64,29,12,0,53,18,28,74,0
30,871,2,3,5,1,1,10,8,50,5,8,15,38,16,1,0,55,0,20,6,8,1,1,2,3,0,173,4,8,2,12,64,29,12,0,53,18,28,74,0
30,889,6,3,5,1,1,10,8,50,5,8,15,38,15,1,0,55,0,20,6,8,1,1,2,3,0,173,4,8,2,12,64,29,12,0,53,18,28,74,0
30,893,6,3,5,1,1,10,8,50,5,8,15,38,15,1,0,55,0,19,6,8,1,1,2,3,0,173,4,8,2,12,64,29,12,0,53,18,28,74,0
30,932,6,3,5,1,1,10,8,50,5,8,15,38,15,1,0,55,0,18,6,8,1,1,2,3,0,173,4,8,2,12,64,29,12,0,53,18,28,74,0
30,933,4,3,5,1,1,10,8,50,5,8,15,38,15,1,0,55,0,17,6,8,1,1,2,3,0,173,4,8,2,12,64,29,12,0,53,18,28,74,0
30,938,6,3,5,1,1,10,8,50,5,8,15,38,15,1,0,55,0,17,6,8,1,1,1,3,0,173,4,8,2,12,64,29,12,0,53,18,28,74,0
30,946,4,3,5,1,1,10,8,50,5,8,15,38,15,1,0,55,0,16,6,8,1,1,1,3,0,173,4,8,2,12,64,29,12,0,53,18,28,74,0
30,965,4,3,5,1,1,10,8,50,5,8,15,38,15,1,0,55,0,16,6,8,1,1,0,3,0,173,4,8,2,12,64,29,12,0,53,18,28,74,0
30,967,6,3,5,1,1,10,8,50,5,8,15,38,15,1,0,55,0,16,6,8,1,1,0,3,0,173,3,8,2,12,64,29,12,0,53,18,28,74,0
30,1005,6,3,5,1,1,10,8,50,5,8,15,38,15,1,0,55,0,15,6,8,1,1,0,3,0,173,3,8,2,12,64,29,12,0,53,18,28,74,0
30,1011,2,3,5,1,1,10,8,50,5,8,15,38,15,1,0,55,0,14,6,8,1,1,0,3,0,173,3,8,2,12,64,29,12,0,53,18,28,74,0
30,1014,4,3,5,1,1,10,8,50,5,8,15,38,14,1,0,55,0,14,6,8,1,1,0,3,0,173,3,8,2,12,64,29,12,0,53,18,28,74,0
30,1031,4,3,5,1,1,10,8,50,5,8,15,38,14,1,0,55,0,14,6,8,1,1,0,3,0,173,2,8,2,12,64,29,12,0,53,18,28,74,0
30,1044,2,3,5,1,1,10,8,50,5,8,15,38,14,1,0,55,0,14,6,8,1,1,0,3,0,173,1,8,2,12,64,29,12,0,53,18,28,74,0
30,1067,2,3,5,1,1,10,8,50,5,8,15,38,14,1,0,55,0,14,6,8,1,1,0,3,0,173,1,8,2,12,64,29,12,0,53,18,28,73,0
30,1069,2,3,5,1,1,10,8,50,5,8,15,38,13,1,0,55,0,14,6,8,1,1,0,3,0,173,1,8,2,12,64,29,12,0,53,18,28,73,0
30,1077,2,3,5,1,1,10,8,50,5,8,15,38,13,1,0,55,0,14,6,8,1,1,0,3,0,173,1,8,2,12,64,29,12,0,53,18,28,72,0
30,1092,5,3,5,1,1,10,8,50,5,8,15,38,13,1,0,55,0,14,6,8,1,1,0,3,0,173,1,8,2,12,64,29,12,0,53,18,28,72,0
30,1094,2,3,5,1,1,10,8,50,5,8,15,38,13,1,0,55,0,14,6,8,1,1,0,2,0,173,1,8,2,12,64,29,12,0,53,18,28,72,0
30,1097,4,3,5,1,1,10,8,50,5,8,15,38,12,1,0,55,0,14,6,8,1,1,0,2,0,173,1,8,2,12,64,29,12,0,53,18,28,72,0
30,1099,3,3,5,1,1,10,8,50,5,8,15,38,12,1,0,55,0,14,6,8,1,1,0,2,0,173,0,8,2,12,64,29,12,0,53,18,28,72,0
30,1107,3,2,5,1,1,10,8,50,5,8,15,38,12,1,0,55,0,14,6,8,1,1,0,2,0,173,0,8,2,12,64,29,12,0,53,18,28,72,0
30,1142,4,1,5,1,1,10,8,50,5,8,15,38,12,1,0,55,0,14,6,8,1,1,0,2,0,173,0,8,2,12,64,29,12,0,53,18,28,72,0
30,1176,5,1,5,1,1,10,8,50,5,8,15,38,12,1,0,55,0,14,6,8,1,1,0,2,0,173,0,8,2,12,64,29,12,0,53,18,28,72,0
30,1192,2,1,5,1,1,10,8,50,5,8,15,38,12,1,0,55,0,14,6,8,1,1,0,1,0,173,0,8,2,12,64,29,12,0,53,18,28,72,0
30,1200,5,1,5,1,1,10,8,50,5,8,15,38,11,1,0,55,0,14,6,8,1,1,0,1,0,173,0,8,2,12,64,29,12,0,53,18,28,72,0
30,1222,4,1,5,1,1,10,8,50,5,8,15,38,11,1,0,55,0,14,6,8,1,1,0,0,0,173,0,8,2,12,64,29,12,0,53,18,28,72,0
30,1226,2,1,4,1,1,10,8,50,5,8,15,38,11,1,0,55,0,14,6,8,1,1,0,0,0,173,0,8,2,12,64,29,12,0,53,18,28,72,0
30,1232,4,1,4,1,1,10,8,50,5,8,15,38,10,1,0,55,0,14,6,8,1,1,0,0,0,173,0,8,2,12,64,29,12,0,53,18,28,72,0
30,1234,2,1,4,1,1,10,8,50,5,8,15,38,10,1,0,55,0,14,6,8,1,1,0,0,0,173,0,8,2,12,64,29,12,0,53,18,28,72,0
30,1254,2,1,4,1,1,10,8,50,5,8,15,38,9,1,0,55,0,14,6,8,1,1,0,0,0,173,0,8,2,12,64,29,12,0,53,18,28,72,0
30,1257,5,1,4,1,1,10,8,50,5,8,15,38,9,1,0,55,0,14,6,8,1,1,0,0,0,173,0,8,2,12,64,29,12,0,53,18,28,72,0
30,1259,2,1,4,1,1,10,8,50,5,8,15,38,9,1,0,54,0,14,6,8,1,1,0,0,0,173,0,8,2,12,64,29,12,0,53,18,28,72,0
30,1275,5,1,4,1,1,10,8,50,5,8,15,38,8,1,0,54,0,14,6,8,1,1,0,0,0,173,0,8,2,12,64,29,12,0,53,18,28,72,0
30,1308,5,1,4,1,1,10,8,50,5,8,15,38,8,1,0,53,0,14,6,8,1,1,0,0,0,173,0,8,2,12,64,29,12,0,53,18,28,72,0
30,1309,4,1,4,1,1,10,8,50,5,8,15,38,8,1,0,52,0,14,6,8,1,1,0,0,0,173,0,8,2,12,64,29,12,0,53,18,28,72,0
30,1310,2,1,4,1,1,10,8,50,5,8,15,38,8,1,0,52,0,14,6,8,1,1,0,0,0,173,0,8,2,12,64,29,12,0,53,18,28,72,0
30,1340,6,1,4,1,1,10,8,50,5,8,15,38,8,1,0,52,0,14,6,8,1,1,0,0,0,173,0,8,2,12,64,29,12,0,53,18,28,71,0
30,1365,6,1,4,1,1,10,8,50,5,8,15,38,8,1,0,52,0,13,6,8,1,1,0,0,0,173,0,8,2,12,64,29,12,0,53,18,28,71,0
30,1370,4,1,4,1,1,10,8,50,5,8,15,38,8,1,0,52,0,12,6,8,1,1,0,0,0,173,0,8,2,12,64,29,12,0,53,18,28,71,0
30,1384,2,1,4,1,1,10,8,50,5,8,15,38,8,0,0,52,0,12,6,8,1,1,0,0,0,173,0,8,2,12,64,29,12,0,53,18,28,71,0
30,1397,6,1,4,1,1,10,8,50,5,8,15,38,7,0,0,52,0,12,6,8,1,1,0,0,0,173,0,8,2,12,64,29,12,0,53,18,28,71,0
30,1407,6,1,4,1,1,10,8,50,5,8,15,38,7,0,0,52,0,11,6,8,1,1,0,0,0,173,0,8,2,12,64,29,12,0,53,18,28,71,0
30,1418,2,1,4,1,1,10,8,50,5,8,15,38,7,0,0,52,0,10,6,8,1,1,0,0,0,173,0,8,2,12,64,29,12,0,53,18,28,71,0
30,1424,3,1,4,1,1,10,8,50,5,8,15,38,7,0,0,52,0,10,6,8,1,1,0,0,0,173,0,8,2,12,64,29,12,0,53,18,28,70,0
30,1427,2,0,4,1,1,10,8,50,5,8,15,38,7,0,0,52,0,10,6,8,1,1,0,0,0,173,0,8,2,12,64,29,12,0,53,18,28,70,0
30,1444,2,0,4,1,1,10,8,50,5,8,15,38,7,0,0,52,0,10,6,8,1,1,0,0,0,173,0,8,2,12,64,29,12,0,53,18,28,69,0
30,1460,2,0,4,1,1,10,8,50,5,8,15,38,6,0,0,52,0,10,6,8,1,1,0,0,0,173,0,8,2,12,64,29,12,0,53,18,28,69,0
30,1469,2,0,4,1,1,10,8,50,5,8,15,38,5,0,0,52,0,10,6,8,1,1,0,0,0,173,0,8,2,12,64,29,12,0,53,18,28,69,0
30,1477,2,0,4,1,1,10,8,50,5,8,15,38,4,0,0,52,0,10,6,8,1,1,0,0,0,173,0,8,2,12,64,29,12,0,53,18,28,69,0
30,1496,4,0,4,1,1,10,8,50,5,8,15,38,4,0,0,52,0,10,6,8,1,1,0,0,0,173,0,8,2,12,64,29,12,0,53,18,28,68,0
30,1528,2,0,4,1,1,10,8,50,5,8,15,38,4,0,0,52,0,10,6,8,1,1,0,0,0,173,0,8,2,12,64,29,12,0,53,18,28,68,0
30,1539,6,0,4,1,1,10,8,50,5,8,15,38,3,0,0,52,0,10,6,8,1,1,0,0,0,173,0,8,2,12,64,29,12,0,53,18,28,68,0
30,1550,2,0,4,1,1,10,8,50,5,8,15,38,3,0,0,52,0,9,6,8,1,1,0,0,0,173,0,8,2,12,64,29,12,0,53,18,28,68,0
30,1551,6,0,4,1,1,10,8,50,5,8,15,38,2,0,0,52,0,9,6,8,1,1,0,0,0,173,0,8,2,12,64,29,12,0,53,18,28,68,0
30,1572,4,0,4,1,1,10,8,50,5,8,15,38,2,0,0,52,0,8,6,8,1,1,0,0,0,173,0,8,2,12,64,29,12,0,53,18,28,68,0
30,1587,5,0,3,1,1,10,8,50,5,8,15,38,2,0,0,52,0,8,6,8,1,1,0,0,0,173,0,8,2,12,64,29,12,0,53,18,28,68,0
30,1591,4,0,3,1,1,10,8,50,5,8,15,38,2,0,0,51,0,8,6,8,1,1,0,0,0,173,0,8,2,12,64,29,12,0,53,18,28,68,0
30,1617,4,0,3,1,1,10,8,50,5,8,15,38,2,0,0,51,0,8,6,8,1,1,0,0,0,173,0,8,2,12,64,29,12,0,53,18,28,68,0
30,1633,2,0,2,1,1,10,8,50,5,8,15,38,2,0,0,51,0,8,6,8,1,1,0,0,0,173,0,8,2,12,64,29,12,0,53,18,28,68,0
30,1640,2,0,2,1,1,10,8,50,5,8,15,38,2,0,0,51,0,8,6,8,1,1,0,0,0,173,0,8,2,12,64,29,12,0,53,18,28,67,0
30,1644,2,0,2,1,1,10,8,50,5,8,15,38,1,0,0,51,0,8,6,8,1,1,0,0,0,173,0,8,2,12,64,29,12,0,53,18,28,67,0
30,1650,6,0,2,1,1,10,8,50,5,8,15,38,1,0,0,51,0,8,6,8,1,1,0,0,0,173,0,8,2,12,64,29,12,0,53,18,28,67,0
30,1660,4,0,2,1,1,10,8,50,5,8,15,38,1,0,0,51,0,7,6,8,1,1,0,0,0,173,0,8,2,12,64,29,12,0,53,18,28,67,0
30,1663,2,0,2,1,1,10,8,50,5,8,15,38,1,0,0,51,0,7,6,8,1,1,0,0,0,173,0,8,2,12,64,29,12,0,53,18,28,67,0
30,1665,6,0,2,1,1,10,8,50,5,8,15,38,0,0,0,51,0,7,6,8,1,1,0,0,0,173,0,8,2,12,64,29,12,0,53,18,28,67,0
30,1689,6,0,2,1,1,10,8,50,5,8,15,38,0,0,0,51,0,6,6,8,1,1,0,0,0,173,0,8,2,12,64,29,12,0,53,18,28,67,0
30,1699,6,0,2,1,1,10,8,50,5,8,15,38,0,0,0,51,0,5,6,8,1,1,0,0,0,173,0,8,2,12,64,29,12,0,53,18,28,67,0
30,1712,6,0,2,1,1,10,8,50,5,8,15,38,0,0,0,51,0,4,6,8,1,1,0,0,0,173,0,8,2,12,64,29,12,0,53,18,28,67,0
30,1719,5,0,2,1,1,10,8,50,5,8,15,38,0,0,0,51,0,3,6,8,1,1,0,0,0,173,0,8,2,12,64,29,12,0,53,18,28,67,0
30,1727,2,0,2,1,1,10,8,50,5,8,15,38,0,0,0,50,0,3,6,8,1,1,0,0,0,173,0,8,2,12,64,29,12,0,53,18,28,67,0
30,1735,4,0,2,1,1,10,8,50,5,8,15,38,0,0,0,50,0,3,6,8,1,1,0,0,0,173,0,8,2,12,64,29,12,0,53,18,28,66,0
30,1756,6,0,1,1,1,10,8,50,5,8,15,38,0,0,0,50,0,3,6,8,1,1,0,0,0,173,0,8,2,12,64,29,12,0,53,18,28,66,0
30,1758,2,0,1,1,1,10,8,50,5,8,15,38,0,0,0,50,0,2,6,8,1,1,0,0,0,173,0,8,2,12,64,29,12,0,53,18,28,66,0
30,1778,2,0,1,1,1,10,7,50,5,8,15,38,0,0,0,50,0,2,6,8,1,1,0,0,0,173,0,8,2,12,64,29,12,0,53,18,28,66,0
30,1796,5,0,1,1,1,10,7,50,5,8,15,38,0,0,0,50,0,2,6,8,1,1,0,0,0,173,0,8,2,12,64,29,12,0,53,18,28,66,0
30,1805,2,0,1,1,1,10,7,50,5,8,15,38,0,0,0,49,0,2,6,8,1,1,0,0,0,173,0,8,2,12,64,29,12,0,53,18,28,66,0
30,1824,4,0,1,1,1,10,7,50,5,8,15,38,0,0,0,49,0,2,6,8,1,1,0,0,0,173,0,8,2,12,64,29,12,0,53,18,28,65,0
30,1827,6,0,1,1,1,10,7,50,5,8,15,38,0,0,0,49,0,2,6,8,1,1,0,0,0,173,0,8,2,12,64,29,12,0,53,18,28,65,0
30,1835,4,0,1,1,1,10,7,50,5,8,15,38,0,0,0,49,0,1,6,8,1,1,0,0,0,173,0,8,2,12,64,29,12,0,53,18,28,65,0
30,1840,5,0,0,1,1,10,7,50,5,8,15,38,0,0,0,49,0,1,6,8,1,1,0,0,0,173,0,8,2,12,64,29,12,0,53,18,28,65,0
30,1853,5,0,0,1,1,10,7,50,5,8,15,38,0,0,0,48,0,1,6,8,1,1,0,0,0,173,0,8,2,12,64,29,12,0,53,18,28,65,0
30,1865,2,0,0,1,1,10,7,50,5,8,15,38,0,0,0,47,0,1,6,8,1,1,0,0,0,173,0,8,2,12,64,29,12,0,53,18,28,65,0
30,1874,2,0,0,1,1,10,7,50,5,8,15,38,0,0,0,47,0,1,6,8,1,1,0,0,0,173,0,8,2,12,64,29,12,0,53,18,28,64,0
30,1887,5,0,0,1,1,10,7,50,5,8,15,38,0,0,0,47,0,1,6,8,1,1,0,0,0,173,0,8,2,12,64,29,12,0,53,18,28,63,0
30,1894,6,0,0,1,1,10,7,50,5,8,15,38,0,0,0,47,0,1,6,8,1,1,0,0,0,173,0,8,2,12,64,29,12,0,53,18,28,63,0
30,1927,6,0,0,1,1,10,7,50,5,8,15,38,0,0,0,47,0,0,6,8,1,1,0,0,0,173,0,8,2,12,64,29,12,0,53,18,28,63,0
30,1951,5,0,0,1,1,10,7,50,5,8,15,38,0,0,0,47,0,0,5,8,1,1,0,0,0,173,0,8,2,12,64,29,12,0,53,18,28,63,0
30,1957,2,0,0,1,1,10,7,50,5,8,15,38,0,0,0,47,0,0,5,8,1,1,0,0,0,173,0,8,2,12,64,29,12,0,53,18,28,63,0
30,1973,6,0,0,1,1,10,7,50,5,8,15,38,0,0,0,47,0,0,5,8,1,1,0,0,0,173,0,8,2,12,64,29,12,0,53,18,28,63,0
30,1982,5,0,0,1,1,10,7,50,5,8,15,38,0,0,0,47,0,0,5,8,1,1,0,0,0,173,0,8,2,12,64,29,12,0,53,18,28,63,0
30,1995,4,0,0,1,1,10,7,50,5,8,15,38,0,0,0,46,0,0,5,8,1,1,0,0,0,173,0,8,2,12,64,29,12,0,53,18,28,63,0
30,1998,2,0,0,1,1,10,7,50,5,8,15,38,0,0,0,46,0,0,5,8,1,1,0,0,0,173,0,8,2,12,64,29,12,0,53,18,28,63,0
30,2028,5,0,0,1,1,10,7,50,5,8,15,38,0,0,0,46,0,0,5,8,1,1,0,0,0,173,0,8,2,12,64,29,12,0,53,18,28,62,0
30,2052,5,0,0,1,1,10,7,50,5,8,15,38,0,0,0,45,0,0,5,8,1,1,0,0,0,173,0,8,2,12,64,29,12,0,53,18,28,62,0
30,2059,4,0,0,1,1,10,7,50,5,8,15,38,0,0,0,44,0,0,5,8,1,1,0,0,0,173,0,8,2,12,64,29,12,0,53,18,28,62,0
30,2062,2,0,0,1,1,10,7,50,5,8,15,38,0,0,0,44,0,0,5,8,1,1,0,0,0,173,0,8,2,12,64,29,12,0,53,18,28,62,0
30,2084,5,0,0,1,1,10,7,50,5,8,15,38,0,0,0,44,0,0,5,8,1,1,0,0,0,173,0,8,2,12,64,29,12,0,53,18,28,62,0
30,2109,6,0,0,1,1,10,7,50,5,8,15,38,0,0,0,43,0,0,5,8,1,1,0,0,0,173,0,8,2,12,64,29,12,0,53,18,28,62,0
30,2127,4,0,0,1,1,10,7,50,5,8,15,38,0,0,0,43,0,0,4,8,1,1,0,0,0,173,0,8,2,12,64,29,12,0,53,18,28,62,0
30,2154,4,0,0,1,1,10,7,50,5,8,15,38,0,0,0,43,0,0,4,8,1,1,0,0,0,173,0,8,2,12,64,29,12,0,53,18,28,62,0
30,2171,4,0,0,1,1,10,7,50,5,8,15,38,0,0,0,43,0,0,4,8,1,1,0,0,0,173,0,8,2,12,64,29,12,0,53,18,28,62,0
30,2180,5,0,0,1,1,10,7,50,5,8,15,38,0,0,0,43,0,0,4,8,1,1,0,0,0,173,0,8,2,12,64,29,12,0,53,18,28,62,0
30,2190,4,0,0,1,1,10,7,50,5,8,15,38,0,0,0,42,0,0,4,8,1,1,0,0,0,173,0,8,2,12,64,29,12,0,53,18,28,62,0
30,2194,5,0,0,1,1,10,7,50,5,8,15,38,0,0,0,42,0,0,4,8,1,1,0,0,0,173,0,8,2,12,64,29,12,0,53,18,28,62,0
30,2198,2,0,0,1,1,10,7,50,5,8,15,38,0,0,0,42,0,0,4,8,1,1,0,0,0,173,0,8,2,12,64,29,12,0,53,18,28,62,0
30,2200,5,0,0,1,1,10,7,50,5,8,15,38,0,0,0,42,0,0,4,8,1,1,0,0,0,173,0,8,2,12,64,29,12,0,53,18,28,62,0
30,2223,2,0,0,1,1,10,7,50,5,8,15,38,0,0,0,41,0,0,4,8,1,1,0,0,0,173,0,8,2,12,64,29,12,0,53,18,28,62,0
30,2224,4,0,0,1,1,10,7,50,5,8,15,38,0,0,0,41,0,0,4,8,1,1,0,0,0,173,0,8,2,12,64,29,12,0,53,18,28,62,0
30,2231,3,0,0,1,1,10,7,50,5,8,15,38,0,0,0,41,0,0,4,8,1,1,0,0,0,173,0,8,2,12,64,29,12,0,53,18,28,62,0
30,2235,4,0,0,1,1,10,7,50,5,8,15,38,0,0,0,41,0,0,4,8,1,1,0,0,0,173,0,8,2,12,64,29,12,0,53,18,28,62,0
30,2240,2,0,0,1,1,10,7,50,5,8,15,38,0,0,0,41,0,0,4,8,1,1,0,0,0,173,0,8,2,12,64,29,12,0,53,18,28,62,0
30,2241,2,0,0,1,1,10,7,50,5,8,15,38,0,0,0,41,0,0,4,8,1,1,0,0,0,173,0,8,2,12,64,29,12,0,53,18,28,61,0
30,2252,4,0,0,1,1,10,7,50,5,8,15,38,0,0,0,41,0,0,4,8,1,1,0,0,0,173,0,8,2,12,64,29,12,0,53,18,28,61,0
30,2281,4,0,0,1,1,10,7,50,5,8,15,38,0,0,0,41,0,0,4,8,1,1,0,0,0,173,0,8,2,12,64,29,12,0,53,18,28,61,0
30,2292,4,0,0,1,1,10,7,50,5,8,15,38,0,0,0,41,0,0,4,8,1,1,0,0,0,173,0,8,2,12,64,29,12,0,53,18,28,61,0
30,2295,2,0,0,1,1,10,7,50,5,8,15,38,0,0,0,41,0,0,4,8,1,1,0,0,0,173,0,8,2,12,64,29,12,0,53,18,28,61,0
30,2300,2,0,0,1,1,10,6,50,5,8,15,38,0,0,0,41,0,0,4,8,1,1,0,0,0,173,0,8,2,12,64,29,12,0,53,18,28,61,0
30,2305,6,0,0,1,1,10,6,50,5,8,15,38,0,0,0,41,0,0,4,8,1,1,0,0,0,173,0,8,2,12,64,29,12,0,53,18,28,60,0
30,2318,2,0,0,1,1,10,6,50,5,8,15,38,0,0,0,41,0,0,3,8,1,1,0,0,0,173,0,8,2,12,64,29,12,0,53,18,28,60,0
30,2328,5,0,0,1,1,10,6,50,5,8,15,38,0,0,0,41,0,0,3,8,1,1,0,0,0,173,0,8,2,12,64,29,12,0,53,18,28,59,0
30,2329,5,0,0,1,1,10,6,50,5,8,15,38,0,0,0,40,0,0,3,8,1,1,0,0,0,173,0,8,2,12,64,29,12,0,53,18,28,59,0
30,2353,3,0,0,1,1,10,6,50,5,8,15,38,0,0,0,39,0,0,3,8,1,1,0,0,0,173,0,8,2,12,64,29,12,0,53,18,28,59,0
30,2405,4,0,0,1,1,10,6,50,5,8,15,38,0,0,0,39,0,0,3,8,1,1,0,0,0,173,0,8,2,12,64,29,12,0,53,18,28,59,0
30,2409,5,0,0,1,1,10,6,50,5,8,15,38,0,0,0,39,0,0,3,8,1,1,0,0,0,173,0,8,2,12,64,29,12,0,53,18,28,59,0
30,2417,6,0,0,1,1,10,6,50,5,8,15,38,0,0,0,38,0,0,3,8,1,1,0,0,0,173,0,8,2,12,64,29,12,0,53,18,28,59,0
30,2418,6,0,0,1,1,10,6,50,5,8,15,38,0,0,0,38,0,0,2,8,1,1,0,0,0,173,0,8,2,12,64,29,12,0,53,18,28,59,0
30,2466,4,0,0,1,1,10,6,50,5,8,15,38,0,0,0,38,0,0,1,8,1,1,0,0,0,173,0,8,2,12,64,29,12,0,53,18,28,59,0
30,2468,4,0,0,1,1,10,6,50,5,8,15,38,0,0,0,38,0,0,1,8,1,1,0,0,0,173,0,8,2,12,64,29,12,0,53,18,28,59,0
30,2507,4,0,0,1,1,10,6,50,5,8,15,38,0,0,0,38,0,0,1,8,1,1,0,0,0,173,0,8,2,12,64,29,12,0,53,18,28,59,0
30,2511,2,0,0,1,1,10,6,50,5,8,15,38,0,0,0,38,0,0,1,8,1,1,0,0,0,173,0,8,2,12,64,29,12,0,53,18,28,59,0
30,2534,2,0,0,1,1,10,6,50,5,8,15,38,0,0,0,38,0,0,1,8,1,1,0,0,0,173,0,8,2,12,64,29,12,0,53,18,28,58,0
30,2557,5,0,0,1,1,10,6,50,5,8,15,38,0,0,0,38,0,0,1,8,1,1,0,0,0,173,0,8,2,12,64,29,12,0,53,18,28,57,0
30,2559,5,0,0,1,1,10,6,50,5,8,15,38,0,0,0,37,0,0,1,8,1,1,0,0,0,173,0,8,2,12,64,29,12,0,53,18,28,57,0
30,2561,5,0,0,1,1,10,6,50,5,8,15,38,0,0,0,36,0,0,1,8,1,1,0,0,0,173,0,8,2,12,64,29,12,0,53,18,28,57,0
30,2585,5,0,0,1,1,10,6,50,5,8,15,38,0,0,0,36,0,0,1,8,1,1,0,0,0,173,0,8,2,12,64,29,12,0,53,18,28,57,0
30,2595,6,0,0,1,1,10,6,50,5,8,15,38,0,0,0,35,0,0,1,8,1,1,0,0,0,173,0,8,2,12,64,29,12,0,53,18,28,57,0
30,2599,5,0,0,1,1,10,6,50,5,8,15,38,0,0,0,35,0,0,1,8,1,1,0,0,0,173,0,8,2,12,64,29,12,0,53,18,28,57,0
30,2618,4,0,0,1,1,10,6,50,5,8,15,38,0,0,0,34,0,0,1,8,1,1,0,0,0,173,0,8,2,12,64,29,12,0,53,18,28,57,0
30,2624,6,0,0,1,1,10,6,50,5,8,15,38,0,0,0,34,0,0,1,8,1,1,0,0,0,173,0,8,2,12,64,29,12,0,53,18,28,57,0
30,2628,2,0,0,1,1,10,6,50,5,8,15,38,0,0,0,34,0,0,0,8,1,1,0,0,0,173,0,8,2,12,64,29,12,0,53,18,28,57,0
30,2666,6,0,0,1,1,10,6,50,5,8,15,38,0,0,0,34,0,0,0,8,1,1,0,0,0,173,0,8,2,12,64,29,12,0,53,18,28,56,0
30,2688,2,0,0,1,1,10,6,50,5,8,15,38,0,0,0,34,0,0,0,8,1,1,0,0,0,173,0,8,2,12,64,29,12,0,53,18,28,56,0
30,2712,2,0,0,1,1,10,6,50,5,8,15,38,0,0,0,34,0,0,0,8,1,1,0,0,0,173,0,8,2,12,64,29,11,0,53,18,28,56,0
30,2718,2,0,0,1,1,10,6,50,5,8,15,38,0,0,0,34,0,0,0,8,1,1,0,0,0,173,0,8,2,12,64,29,11,0,53,18,28,55,0
30,2722,2,0,0,1,1,10,6,50,5,8,15,38,0,0,0,34,0,0,0,8,1,1,0,0,0,173,0,8,2,12,64,29,11,0,53,18,28,54,0
30,2729,2,0,0,1,1,10,5,50,5,8,15,38,0,0,0,34,0,0,0,8,1,1,0,0,0,173,0,8,2,12,64,29,11,0,53,18,28,54,0
30,2730,5,0,0,1,1,10,5,50,5,8,15,38,0,0,0,34,0,0,0,8,1,1,0,0,0,173,0,8,2,12,64,29,11,0,53,18,28,53,0
30,2734,2,0,0,1,1,10,5,50,5,8,15,38,0,0,0,33,0,0,0,8,1,1,0,0,0,173,0,8,2,12,64,29,11,0,53,18,28,53,0
30,2746,4,0,0,1,1,10,5,50,5,8,15,38,0,0,0,33,0,0,0,8,1,1,0,0,0,173,0,8,2,12,64,29,11,0,53,18,28,52,0
30,2748,2,0,0,1,1,10,5,50,5,8,15,38,0,0,0,33,0,0,0,8,1,1,0,0,0,173,0,8,2,12,64,29,11,0,53,18,28,52,0
30,2752,6,0,0,1,1,10,5,50,5,8,15,38,0,0,0,33,0,0,0,8,1,1,0,0,0,173,0,8,2,12,64,29,11,0,53,18,28,52,0
30,2770,2,0,0,1,1,10,5,50,5,8,15,38,0,0,0,33,0,0,0,8,1,1,0,0,0,173,0,8,2,12,64,29,11,0,53,18,28,52,0
30,2799,4,0,0,1,1,10,5,50,5,8,15,38,0,0,0,33,0,0,0,8,1,1,0,0,0,173,0,8,2,12,64,29,11,0,53,18,28,51,0
30,2809,6,0,0,1,1,10,5,50,5,8,15,38,0,0,0,33,0,0,0,8,1,1,0,0,0,173,0,8,2,12,64,29,11,0,53,18,28,51,0
30,2815,5,0,0,1,1,10,5,50,5,8,15,38,0,0,0,33,0,0,0,8,1,1,0,0,0,173,0,8,2,12,64,29,11,0,53,18,28,51,0
30,2831,4,0,0,1,1,10,5,50,5,8,15,38,0,0,0,32,0,0,0,8,1,1,0,0,0,173,0,8,2,12,64,29,11,0,53,18,28,51,0
30,2868,2,0,0,1,1,10,5,50,5,8,15,38,0,0,0,32,0,0,0,8,1,1,0,0,0,173,0,8,2,12,64,29,11,0,53,18,28,51,0
30,2875,5,0,0,1,1,10,5,50,5,8,15,38,0,0,0,32,0,0,0,8,1,1,0,0,0,173,0,8,2,12,64,29,11,0,53,18,28,50,0
30,2881,5,0,0,1,1,10,5,50,5,8,15,38,0,0,0,32,0,0,0,8,1,1,0,0,0,173,0,8,2,12,64,29,11,0,53,18,28,50,0
30,2885,5,0,0,1,1,10,5,50,5,8,15,38,0,0,0,31,0,0,0,8,1,1,0,0,0,173,0,8,2,12,64,29,11,0,53,18,28,50,0
30,2900,2,0,0,1,1,10,5,50,5,8,15,38,0,0,0,31,0,0,0,8,1,1,0,0,0,173,0,8,2,12,64,29,11,0,53,18,28,50,0
30,2903,6,0,0,1,1,10,5,50,5,8,15,38,0,0,0,31,0,0,0,8,1,1,0,0,0,173,0,8,2,12,64,29,11,0,53,18,28,50,0
30,2908,2,0,0,1,1,10,5,50,5,8,15,38,0,0,0,31,0,0,0,8,1,1,0,0,0,173,0,8,2,12,64,29,11,0,53,18,28,50,0
30,2920,4,0,0,1,1,10,5,50,5,8,15,38,0,0,0,31,0,0,0,8,1,1,0,0,0,173,0,8,2,12,64,29,11,0,53,18,28,49,0
30,2940,2,0,0,1,1,10,5,50,5,8,15,38,0,0,0,31,0,0,0,8,1,1,0,0,0,173,0,8,2,12,64,29,11,0,53,18,28,49,0
30,2960,5,0,0,1,1,10,5,50,5,8,15,38,0,0,0,31,0,0,0,8,1,1,0,0,0,173,0,8,2,12,64,29,11,0,53,18,28,48,0
30,2961,4,0,0,1,1,10,5,50,5,8,15,38,0,0,0,30,0,0,0,8,1,1,0,0,0,173,0,8,2,12,64,29,11,0,53,18,28,48,0
30,2970,4,0,0,1,1,10,5,50,5,8,15,38,0,0,0,30,0,0,0,8,1,1,0,0,0,173,0,8,2,12,64,29,11,0,53,18,28,48,0
30,9999,NA,0,0,1,1,10,5,50,5,8,15,38,0,0,0,30,0,0,0,8,1,1,0,0,0,173,0,8,2,12,64,29,11,0,53,18,28,48,0
28,75,5,0,0,1,1,10,3,50,5,8,15,38,0,0,0,24,0,0,0,8,1,1,0,0,0,173,0,8,2,12,64,29,4,0,53,18,28,25,0
28,615,5,0,0,1,1,10,3,50,5,8,15,38,0,0,0,23,0,0,0,8,1,1,0,0,0,173,0,8,2,12,64,29,4,0,53,18,28,25,0
28,1869,5,0,0,1,1,10,3,50,5,8,15,38,0,0,0,22,0,0,0,8,1,1,0,0,0,173,0,8,2,12,64,29,4,0,53,18,28,25,0
28,2897,5,0,0,1,1,10,3,50,5,8,15,38,0,0,0,21,0,0,0,8,1,1,0,0,0,173,0,8,2,12,64,29,4,0,53,18,28,25,0
26.6667,1670,3,0,0,1,1,10,3,50,5,8,15,38,0,0,0,20,0,0,0,8,1,1,0,0,0,173,0,8,2,12,64,29,4,0,53,18,28,25,0
26.6667,2350,3,0,0,1,1,10,3,50,5,8,15,38,0,0,0,20,0,0,0,8,1,1,0,0,0,173,0,8,2,12,64,29,4,0,53,18,28,25,0
26,162,5,0,0,1,1,10,3,50,5,8,15,38,0,0,0,20,0,0,0,8,1,1,0,0,0,173,0,8,2,12,64,29,4,0,53,18,28,25,0
26,394,5,0,0,1,1,10,3,50,5,8,15,38,0,0,0,19,0,0,0,8,1,1,0,0,0,173,0,8,2,12,64,29,4,0,53,18,28,25,0
26,459,5,0,0,1,1,10,3,50,5,8,15,38,0,0,0,18,0,0,0,8,1,1,0,0,0,173,0,8,2,12,64,29,4,0,53,18,28,25,0
26,740,5,0,0,1,1,10,3,50,5,8,15,38,0,0,0,17,0,0,0,8,1,1,0,0,0,173,0,8,2,12,64,29,4,0,53,18,28,25,0
26,1600,5,0,0,1,1,10,3,50,5,8,15,38,0,0,0,16,0,0,0,8,1,1,0,0,0,173,0,8,2,12,64,29,4,0,53,18,28,25,0
26,2041,5,0,0,1,1,10,3,50,5,8,15,38,0,0,0,15,0,0,0,8,1,1,0,0,0,173,0,8,2,12,64,29,4,0,53,18,28,25,0
26,2115,5,0,0,1,1,10,3,50,5,8,15,38,0,0,0,14,0,0,0,8,1,1,0,0,0,173,0,8,2,12,64,29,4,0,53,18,28,25,0
26,2554,5,0,0,1,1,10,3,50,5,8,15,38,0,0,0,13,0,0,0,8,1,1,0,0,0,173,0,8,2,12,64,29,4,0,53,18,28,25,0
26,2769,5,0,0,1,1,10,3,50,5,8,15,38,0,0,0,12,0,0,0,8,1,1,0,0,0,173,0,8,2,12,64,29,4,0,53,18,28,25,0
26,2829,5,0,0,1,1,10,3,50,5,8,15,38,0,0,0,11,0,0,0,8,1,1,0,0,0,173,0,8,2,12,64,29,4,0,53,18,28,25,0
26,2843,5,0,0,1,1,10,3,50,5,8,15,38,0,0,0,10,0,0,0,8,1,1,0,0,0,173,0,8,2,12,64,29,4,0,53,18,28,25,0
25,304,2,0,0,1,1,10,3,50,5,8,15,38,0,0,0,9,0,0,0,8,1,1,0,0,0,173,0,8,2,12,64,29,4,0,53,18,28,25,0
25,351,2,0,0,1,1,10,3,50,5,8,15,38,0,0,0,9,0,0,0,8,1,1,0,0,0,173,0,8,2,12,64,29,4,0,53,18,28,24,0
25,502,2,0,0,1,1,10,3,50,5,8,15,38,0,0,0,9,0,0,0,8,1,1,0,0,0,173,0,8,2,12,64,29,4,0,53,18,28,23,0
25,689,2,0,0,1,1,10,3,50,5,8,15,38,0,0,0,9,0,0,0,8,1,1,0,0,0,173,0,8,2,12,64,29,4,0,53,18,28,22,0
25,1057,2,0,0,1,1,10,3,50,5,8,15,38,0,0,0,9,0,0,0,8,1,1,0,0,0,173,0,8,2,12,64,29,4,0,53,18,28,21,0
25,1394,2,0,0,1,1,10,2,50,5,8,15,38,0,0,0,9,0,0,0,8,1,1,0,0,0,173,0,8,2,12,64,29,4,0,53,18,28,21,0
25,1487,2,0,0,1,1,10,2,50,5,8,15,38,0,0,0,9,0,0,0,8,1,1,0,0,0,173,0,8,2,12,64,29,4,0,53,18,28,21,0
25,1609,2,0,0,1,1,10,2,50,5,8,15,38,0,0,0,9,0,0,0,8,1,1,0,0,0,173,0,8,2,12,64,29,3,0,53,18,28,21,0
25,1934,2,0,0,1,1,10,2,50,5,8,15,38,0,0,0,9,0,0,0,8,1,1,0,0,0,173,0,8,2,12,64,29,3,0,53,18,28,20,0
25,2078,2,0,0,1,1,10,2,50,5,8,15,38,0,0,0,9,0,0,0,8,1,1,0,0,0,173,0,8,2,12,64,29,3,0,53,18,28,19,0
25,2412,2,0,0,1,1,10,2,50,5,8,15,38,0,0,0,9,0,0,0,8,1,1,0,0,0,173,0,8,2,12,64,29,3,0,53,18,28,18,0
25,2968,2,0,0,1,1,10,2,50,5,8,15,38,0,0,0,9,0,0,0,8,1,1,0,0,0,173,0,8,2,12,64,29,2,0,53,18,28,18,0
24,814,5,0,0,1,1,10,2,50,5,8,15,38,0,0,0,9,0,0,0,8,1,1,0,0,0,173,0,8,2,12,64,29,1,0,53,18,28,18,0
24,815,5,0,0,1,1,10,2,50,5,8,15,38,0,0,0,8,0,0,0,8,1,1,0,0,0,173,0,8,2,12,64,29,1,0,53,18,28,18,0
24,994,5,0,0,1,1,10,2,50,5,8,15,38,0,0,0,7,0,0,0,8,1,1,0,0,0,173,0,8,2,12,64,29,1,0,53,18,28,18,0
24,1040,5,0,0,1,1,10,2,50,5,8,15,38,0,0,0,6,0,0,0,8,1,1,0,0,0,173,0,8,2,12,64,29,1,0,53,18,28,18,0
24,1307,5,0,0,1,1,10,2,50,5,8,15,38,0,0,0,5,0,0,0,8,1,1,0,0,0,173,0,8,2,12,64,29,1,0,53,18,28,18,0
24,1608,5,0,0,1,1,10,2,50,5,8,15,38,0,0,0,4,0,0,0,8,1,1,0,0,0,173,0,8,2,12,64,29,1,0,53,18,28,18,0
24,1728,5,0,0,1,1,10,2,50,5,8,15,38,0,0,0,3,0,0,0,8,1,1,0,0,0,173,0,8,2,12,64,29,1,0,53,18,28,18,0
24,1954,5,0,0,1,1,10,2,50,5,8,15,38,0,0,0,2,0,0,0,8,1,1,0,0,0,173,0,8,2,12,64,29,1,0,53,18,28,18,0
24,2258,5,0,0,1,1,10,2,50,5,8,15,38,0,0,0,1,0,0,0,8,1,1,0,0,0,173,0,8,2,12,64,29,1,0,53,18,28,18,0
24,2444,5,0,0,1,1,10,2,50,5,8,15,38,0,0,0,0,0,0,0,8,1,1,0,0,0,173,0,8,2,12,64,29,1,0,53,18,28,18,0
24,2630,5,0,0,0,1,10,2,50,5,8,15,38,0,0,0,0,0,0,0,8,1,1,0,0,0,173,0,8,2,12,64,29,1,0,53,18,28,18,0
24,2896,5,0,0,0,1,10,2,50,5,8,15,38,0,0,0,0,0,0,0,8,1,1,0,0,0,173,0,8,2,12,64,29,1,0,53,18,28,18,0
24,2967,5,0,0,0,1,10,2,50,5,8,15,38,0,0,0,0,0,0,0,8,1,1,0,0,0,173,0,8,2,12,64,29,1,0,53,18,28,18,0
22.5,116,4,0,0,0,1,10,2,50,5,8,15,38,0,0,0,0,0,0,0,8,1,1,0,0,0,173,0,8,2,12,64,29,1,0,53,18,28,18,0
22.5,1730,4,0,0,0,1,10,2,50,5,8,15,38,0,0,0,0,0,0,0,8,1,1,0,0,0,173,0,8,2,12,64,29,1,0,53,18,28,18,0
22.5,2209,8,0,0,0,1,10,2,50,5,8,15,38,0,0,0,0,0,0,0,8,1,1,0,0,0,173,0,8,2,12,64,29,1,0,53,18,28,18,0
22.5,2956,4,0,0,0,1,10,2,50,5,8,15,38,0,0,0,0,0,0,0,8,1,1,0,0,0,173,0,8,1,12,64,29,1,0,53,18,28,18,0
22,1834,5,0,0,0,1,10,2,50,5,8,15,38,0,0,0,0,0,0,0,8,1,1,0,0,0,173,0,8,1,12,64,29,1,0,53,18,28,18,0
21.6667,530,6,0,0,0,1,10,2,50,5,8,15,38,0,0,0,0,0,0,0,8,1,1,0,0,0,173,0,8,1,12,64,29,1,0,53,18,28,18,0
21.25,700,8,0,0,0,1,10,2,50,5,8,15,38,0,0,0,0,0,0,0,8,1,1,0,0,0,173,0,7,1,12,64,29,1,0,53,18,28,18,0
21.25,1220,8,0,0,0,1,10,2,50,5,8,15,38,0,0,0,0,0,0,0,8,1,1,0,0,0,173,0,7,0,12,64,29,1,0,53,18,28,18,0
20,55,2,0,0,0,1,10,2,50,5,8,15,38,0,0,0,0,0,0,0,8,1,1,0,0,0,173,0,7,0,11,64,29,1,0,53,18,28,18,0
20,56,2,0,0,0,1,10,2,50,5,8,15,37,0,0,0,0,0,0,0,8,1,1,0,0,0,173,0,7,0,11,64,29,1,0,53,18,28,18,0
20,58,2,0,0,0,1,10,2,50,5,8,15,37,0,0,0,0,0,0,0,8,1,1,0,0,0,173,0,7,0,11,64,29,0,0,53,18,28,18,0
20,84,6,0,0,0,1,10,2,50,5,8,15,37,0,0,0,0,0,0,0,8,1,1,0,0,0,173,0,7,0,11,64,29,0,0,53,18,28,18,0
20,101,4,0,0,0,1,10,2,50,5,8,15,37,0,0,0,0,0,0,0,8,1,1,0,0,0,173,0,6,0,11,64,29,0,0,53,18,28,18,0
20,111,8,0,0,0,1,10,2,50,5,8,15,37,0,0,0,0,0,0,0,8,1,1,0,0,0,173,0,6,0,11,64,29,0,0,53,18,28,18,0
20,127,2,0,0,0,1,10,2,50,5,8,15,37,0,0,0,0,0,0,0,8,1,1,0,0,0,173,0,6,0,10,64,29,0,0,53,18,28,18,0
20,132,2,0,0,0,1,10,2,50,5,8,15,37,0,0,0,0,0,0,0,8,1,1,0,0,0,173,0,6,0,10,64,29,0,0,53,18,28,17,0
20,148,2,0,0,0,1,10,2,50,5,8,15,37,0,0,0,0,0,0,0,8,1,1,0,0,0,173,0,6,0,10,64,29,0,0,53,18,28,17,0
20,177,2,0,0,0,1,10,1,50,5,8,15,37,0,0,0,0,0,0,0,8,1,1,0,0,0,173,0,6,0,10,64,29,0,0,53,18,28,17,0
20,225,6,0,0,0,1,10,0,50,5,8,15,37,0,0,0,0,0,0,0,8,1,1,0,0,0,173,0,6,0,10,64,29,0,0,53,18,28,17,0
20,237,8,0,0,0,1,10,0,50,5,8,15,37,0,0,0,0,0,0,0,8,1,1,0,0,0,173,0,6,0,10,64,29,0,0,53,18,28,17,0
20,285,2,0,0,0,1,10,0,50,5,8,15,37,0,0,0,0,0,0,0,8,1,1,0,0,0,173,0,6,0,9,64,29,0,0,53,18,28,17,0
20,289,2,0,0,0,1,10,0,50,5,8,15,37,0,0,0,0,0,0,0,8,1,1,0,0,0,173,0,6,0,9,64,29,0,0,53,18,28,17,0
20,295,2,0,0,0,1,10,0,50,5,8,15,37,0,0,0,0,0,0,0,8,1,1,0,0,0,173,0,6,0,9,64,29,0,0,53,18,28,17,0
20,320,2,0,0,0,1,10,0,50,5,8,15,37,0,0,0,0,0,0,0,8,1,1,0,0,0,173,0,6,0,9,64,29,0,0,52,18,28,17,0
20,328,2,0,0,0,1,10,0,50,5,8,15,37,0,0,0,0,0,0,0,8,1,1,0,0,0,173,0,6,0,9,64,29,0,0,51,18,28,17,0
20,331,2,0,0,0,1,10,0,50,5,8,15,37,0,0,0,0,0,0,0,8,1,1,0,0,0,173,0,6,0,9,64,29,0,0,51,18,28,16,0
20,335,2,0,0,0,1,10,0,50,5,8,15,37,0,0,0,0,0,0,0,8,1,1,0,0,0,173,0,6,0,9,64,29,0,0,51,18,28,15,0
20,342,3,0,0,0,1,10,0,50,5,8,15,37,0,0,0,0,0,0,0,8,1,1,0,0,0,173,0,6,0,9,64,29,0,0,51,18,28,15,0
20,403,2,0,0,0,1,10,0,50,5,8,15,37,0,0,0,0,0,0,0,8,1,1,0,0,0,173,0,6,0,9,64,29,0,0,51,18,28,15,0
20,451,2,0,0,0,1,10,0,50,5,8,15,37,0,0,0,0,0,0,0,8,1,1,0,0,0,173,0,6,0,9,64,29,0,0,51,18,28,14,0
20,457,2,0,0,0,1,10,0,50,5,8,15,37,0,0,0,0,0,0,0,8,1,1,0,0,0,173,0,6,0,9,64,29,0,0,51,18,28,14,0
20,462,2,0,0,0,1,10,0,50,5,8,15,37,0,0,0,0,0,0,0,8,1,1,0,0,0,173,0,6,0,9,64,29,0,0,50,18,28,14,0
20,467,2,0,0,0,1,10,0,50,5,8,15,37,0,0,0,0,0,0,0,8,1,1,0,0,0,173,0,6,0,9,64,29,0,0,50,18,28,13,0
20,468,6,0,0,0,1,10,0,50,5,8,15,37,0,0,0,0,0,0,0,8,1,1,0,0,0,173,0,6,0,9,64,29,0,0,50,18,28,13,0
20,469,2,0,0,0,1,10,0,50,5,8,15,37,0,0,0,0,0,0,0,8,1,1,0,0,0,173,0,5,0,9,64,29,0,0,50,18,28,13,0
20,536,2,0,0,0,1,10,0,50,5,8,15,37,0,0,0,0,0,0,0,8,1,1,0,0,0,173,0,5,0,9,64,29,0,0,50,18,28,12,0
20,566,4,0,0,0,1,10,0,50,5,8,15,37,0,0,0,0,0,0,0,8,1,1,0,0,0,173,0,5,0,9,64,29,0,0,50,18,28,11,0
20,569,2,0,0,0,1,10,0,50,5,8,15,37,0,0,0,0,0,0,0,8,1,1,0,0,0,173,0,5,0,9,64,29,0,0,50,18,28,11,0
20,585,2,0,0,0,1,10,0,50,5,8,15,37,0,0,0,0,0,0,0,8,1,1,0,0,0,173,0,5,0,9,64,29,0,0,50,18,28,10,0
20,607,4,0,0,0,1,10,0,50,5,8,15,37,0,0,0,0,0,0,0,8,1,1,0,0,0,173,0,5,0,9,64,29,0,0,50,18,28,9,0
20,649,2,0,0,0,1,10,0,50,5,8,15,37,0,0,0,0,0,0,0,8,1,1,0,0,0,173,0,5,0,9,64,29,0,0,50,18,28,9,0
20,652,2,0,0,0,1,10,0,50,5,8,15,37,0,0,0,0,0,0,0,8,1,1,0,0,0,173,0,5,0,9,64,29,0,0,49,18,28,9,0
20,692,6,0,0,0,1,10,0,50,5,8,15,37,0,0,0,0,0,0,0,8,1,1,0,0,0,173,0,5,0,9,64,29,0,0,49,18,28,8,0
20,713,5,0,0,0,0,10,0,50,5,8,15,37,0,0,0,0,0,0,0,8,1,1,0,0,0,173,0,5,0,9,64,29,0,0,49,18,28,8,0
20,720,2,0,0,0,0,10,0,50,5,8,15,37,0,0,0,0,0,0,0,8,1,1,0,0,0,173,0,5,0,9,64,29,0,0,49,18,28,8,0
20,743,2,0,0,0,0,10,0,50,5,8,15,37,0,0,0,0,0,0,0,8,1,1,0,0,0,173,0,5,0,9,64,29,0,0,48,18,28,8,0
20,749,3,0,0,0,0,10,0,50,5,8,15,37,0,0,0,0,0,0,0,8,1,1,0,0,0,173,0,5,0,9,64,29,0,0,47,18,28,8,0
20,751,2,0,0,0,0,10,0,50,5,8,15,37,0,0,0,0,0,0,0,8,1,1,0,0,0,173,0,5,0,9,64,29,0,0,47,18,28,8,0
20,760,2,0,0,0,0,10,0,50,5,8,15,37,0,0,0,0,0,0,0,8,1,1,0,0,0,173,0,5,0,9,64,29,0,0,47,18,28,7,0
20,761,6,0,0,0,0,10,0,50,5,8,15,37,0,0,0,0,0,0,0,8,1,1,0,0,0,173,0,5,0,9,64,29,0,0,47,18,28,6,0
20,792,2,0,0,0,0,10,0,50,5,8,15,37,0,0,0,0,0,0,0,8,1,1,0,0,0,173,0,4,0,9,64,29,0,0,47,18,28,6,0
20,795,5,0,0,0,0,10,0,50,5,8,15,37,0,0,0,0,0,0,0,8,1,1,0,0,0,173,0,4,0,9,64,29,0,0,46,18,28,6,0
20,798,4,0,0,0,0,10,0,50,5,8,15,37,0,0,0,0,0,0,0,8,1,1,0,0,0,173,0,4,0,9,64,29,0,0,46,18,28,6,0
20,816,8,0,0,0,0,10,0,50,5,8,15,37,0,0,0,0,0,0,0,8,1,1,0,0,0,173,0,4,0,9,64,29,0,0,46,18,28,6,0
20,822,2,0,0,0,0,10,0,50,5,8,15,37,0,0,0,0,0,0,0,8,1,1,0,0,0,173,0,4,0,8,64,29,0,0,46,18,28,6,0
20,825,2,0,0,0,0,10,0,50,5,8,15,37,0,0,0,0,0,0,0,8,1,1,0,0,0,173,0,4,0,8,64,29,0,0,45,18,28,6,0
20,844,4,0,0,0,0,10,0,50,5,8,15,37,0,0,0,0,0,0,0,8,1,1,0,0,0,173,0,4,0,8,64,29,0,0,45,18,28,6,0
20,849,6,0,0,0,0,10,0,50,5,8,15,37,0,0,0,0,0,0,0,8,1,1,0,0,0,173,0,4,0,8,64,29,0,0,45,18,28,6,0
20,863,2,0,0,0,0,10,0,50,5,8,15,37,0,0,0,0,0,0,0,8,1,1,0,0,0,173,0,4,0,8,64,29,0,0,45,18,28,6,0
20,913,2,0,0,0,0,10,0,50,5,8,15,37,0,0,0,0,0,0,0,8,1,1,0,0,0,173,0,4,0,8,64,29,0,0,45,18,28,5,0
20,919,8,0,0,0,0,10,0,50,5,8,15,37,0,0,0,0,0,0,0,8,1,1,0,0,0,173,0,4,0,8,64,29,0,0,45,18,28,4,0
20,923,4,0,0,0,0,10,0,50,5,8,15,37,0,0,0,0,0,0,0,8,1,1,0,0,0,173,0,4,0,7,64,29,0,0,45,18,28,4,0
20,943,2,0,0,0,0,10,0,50,5,8,15,37,0,0,0,0,0,0,0,8,1,1,0,0,0,173,0,4,0,7,64,29,0,0,45,18,28,4,0
20,952,8,0,0,0,0,10,0,50,5,8,15,37,0,0,0,0,0,0,0,8,1,1,0,0,0,173,0,4,0,7,64,29,0,0,45,18,28,3,0
20,984,2,0,0,0,0,10,0,50,5,8,15,37,0,0,0,0,0,0,0,8,1,1,0,0,0,173,0,4,0,6,64,29,0,0,45,18,28,3,0
20,990,2,0,0,0,0,10,0,50,5,8,15,37,0,0,0,0,0,0,0,8,1,1,0,0,0,173,0,4,0,6,64,29,0,0,44,18,28,3,0
20,1003,5,0,0,0,0,10,0,50,5,8,15,37,0,0,0,0,0,0,0,8,1,1,0,0,0,173,0,4,0,6,64,29,0,0,44,18,28,2,0
20,1012,2,0,0,0,0,10,0,50,5,8,15,37,0,0,0,0,0,0,0,8,1,1,0,0,0,173,0,4,0,6,64,29,0,0,44,18,28,2,0
20,1078,6,0,0,0,0,10,0,50,5,8,15,37,0,0,0,0,0,0,0,8,1,1,0,0,0,173,0,4,0,6,64,29,0,0,44,18,28,1,0
20,1086,2,0,0,0,0,10,0,50,5,8,15,37,0,0,0,0,0,0,0,8,1,1,0,0,0,173,0,3,0,6,64,29,0,0,44,18,28,1,0
20,1087,2,0,0,0,0,10,0,50,5,8,15,37,0,0,0,0,0,0,0,8,1,1,0,0,0,173,0,3,0,6,64,29,0,0,44,18,28,1,0
20,1096,2,0,0,0,0,10,0,50,5,8,15,37,0,0,0,0,0,0,0,8,1,1,0,0,0,173,0,3,0,6,64,29,0,0,43,18,28,1,0
20,1103,2,0,0,0,0,10,0,50,5,8,15,37,0,0,0,0,0,0,0,8,1,1,0,0,0,173,0,3,0,6,64,29,0,0,42,18,28,1,0
20,1104,2,0,0,0,0,10,0,50,5,8,15,37,0,0,0,0,0,0,0,8,1,1,0,0,0,173,0,3,0,6,64,29,0,0,42,18,28,0,0
20,1152,5,0,0,0,0,10,0,50,5,8,15,37,0,0,0,0,0,0,0,8,1,1,0,0,0,173,0,3,0,6,64,29,0,0,42,18,28,0,0
20,1199,6,0,0,0,0,10,0,50,5,8,15,37,0,0,0,0,0,0,0,8,1,1,0,0,0,173,0,3,0,6,64,29,0,0,42,18,28,0,0
20,1216,2,0,0,0,0,10,0,50,5,8,15,37,0,0,0,0,0,0,0,8,1,1,0,0,0,173,0,2,0,6,64,29,0,0,42,18,28,0,0
20,1217,4,0,0,0,0,10,0,50,5,8,15,37,0,0,0,0,0,0,0,8,1,1,0,0,0,173,0,2,0,6,64,29,0,0,41,18,28,0,0
20,1241,2,0,0,0,0,10,0,50,5,8,15,37,0,0,0,0,0,0,0,8,1,1,0,0,0,173,0,2,0,6,64,29,0,0,41,18,28,0,0
20,1262,4,0,0,0,0,10,0,50,5,8,15,37,0,0,0,0,0,0,0,8,1,1,0,0,0,173,0,2,0,6,64,29,0,0,41,18,28,0,0
20,1271,6,0,0,0,0,10,0,50,5,8,15,37,0,0,0,0,0,0,0,8,1,1,0,0,0,173,0,2,0,6,64,29,0,0,41,18,28,0,0
20,1294,8,0,0,0,0,10,0,50,5,8,15,37,0,0,0,0,0,0,0,8,1,1,0,0,0,173,0,1,0,6,64,29,0,0,41,18,28,0,0
20,1337,4,0,0,0,0,10,0,50,5,8,15,37,0,0,0,0,0,0,0,8,1,1,0,0,0,173,0,1,0,5,64,29,0,0,41,18,28,0,0
20,1391,8,0,0,0,0,10,0,50,5,8,15,37,0,0,0,0,0,0,0,8,1,1,0,0,0,173,0,1,0,5,64,29,0,0,41,18,28,0,0
20,1408,2,0,0,0,0,10,0,50,5,8,15,37,0,0,0,0,0,0,0,8,1,1,0,0,0,173,0,1,0,4,64,29,0,0,41,18,28,0,0
20,1417,6,0,0,0,0,10,0,50,5,8,15,37,0,0,0,0,0,0,0,8,1,1,0,0,0,173,0,1,0,4,64,29,0,0,41,18,28,0,0
20,1420,4,0,0,0,0,10,0,50,5,8,15,37,0,0,0,0,0,0,0,8,1,1,0,0,0,173,0,0,0,4,64,29,0,0,41,18,28,0,0
20,1423,2,0,0,0,0,10,0,50,5,8,15,37,0,0,0,0,0,0,0,8,1,1,0,0,0,173,0,0,0,4,64,29,0,0,41,18,28,0,0
20,1431,2,0,0,0,0,10,0,50,5,8,15,37,0,0,0,0,0,0,0,8,1,1,0,0,0,173,0,0,0,4,64,29,0,0,40,18,28,0,0
20,1433,2,0,0,0,0,10,0,50,5,8,15,37,0,0,0,0,0,0,0,8,1,1,0,0,0,173,0,0,0,4,64,29,0,0,40,18,28,0,0
20,1446,2,0,0,0,0,10,0,50,5,8,15,37,0,0,0,0,0,0,0,8,1,1,0,0,0,173,0,0,0,4,64,29,0,0,39,18,28,0,0
20,1452,2,0,0,0,0,10,0,50,5,8,15,37,0,0,0,0,0,0,0,8,1,1,0,0,0,173,0,0,0,4,64,29,0,0,38,18,28,0,0
20,1466,4,0,0,0,0,10,0,50,5,8,15,37,0,0,0,0,0,0,0,8,1,1,0,0,0,173,0,0,0,4,64,29,0,0,37,18,28,0,0
20,1483,6,0,0,0,0,10,0,50,5,8,15,37,0,0,0,0,0,0,0,8,1,1,0,0,0,173,0,0,0,4,64,29,0,0,37,18,28,0,0
20,1489,2,0,0,0,0,10,0,50,5,8,15,37,0,0,0,0,0,0,0,8,1,1,0,0,0,173,0,0,0,4,64,29,0,0,37,18,28,0,0
20,1513,2,0,0,0,0,10,0,50,5,8,15,37,0,0,0,0,0,0,0,8,1,1,0,0,0,173,0,0,0,4,64,29,0,0,37,18,28,0,0
20,1523,2,0,0,0,0,10,0,50,5,8,15,37,0,0,0,0,0,0,0,8,1,1,0,0,0,173,0,0,0,4,64,29,0,0,36,18,28,0,0
20,1525,2,0,0,0,0,10,0,50,5,8,15,37,0,0,0,0,0,0,0,8,1,1,0,0,0,173,0,0,0,4,64,29,0,0,35,18,28,0,0
20,1544,2,0,0,0,0,10,0,50,5,8,15,37,0,0,0,0,0,0,0,8,1,1,0,0,0,173,0,0,0,4,64,29,0,0,35,18,27,0,0
20,1547,2,0,0,0,0,10,0,50,5,8,15,37,0,0,0,0,0,0,0,8,1,1,0,0,0,173,0,0,0,4,64,29,0,0,34,18,27,0,0
20,1548,2,0,0,0,0,10,0,50,5,8,15,37,0,0,0,0,0,0,0,8,1,1,0,0,0,173,0,0,0,4,64,29,0,0,33,18,27,0,0
20,1555,8,0,0,0,0,10,0,50,5,7,15,37,0,0,0,0,0,0,0,8,1,1,0,0,0,173,0,0,0,4,64,29,0,0,33,18,27,0,0
20,1601,4,0,0,0,0,10,0,50,5,7,15,37,0,0,0,0,0,0,0,8,1,1,0,0,0,173,0,0,0,4,64,29,0,0,33,18,27,0,0
20,1603,2,0,0,0,0,10,0,50,5,7,15,37,0,0,0,0,0,0,0,8,1,1,0,0,0,173,0,0,0,4,64,29,0,0,33,18,27,0,0
20,1620,2,0,0,0,0,10,0,50,5,6,15,37,0,0,0,0,0,0,0,8,1,1,0,0,0,173,0,0,0,4,64,29,0,0,33,18,27,0,0
20,1635,2,0,0,0,0,10,0,50,5,6,15,37,0,0,0,0,0,0,0,8,1,1,0,0,0,173,0,0,0,4,64,29,0,0,32,18,27,0,0
20,1637,2,0,0,0,0,10,0,50,5,6,15,37,0,0,0,0,0,0,0,8,1,1,0,0,0,173,0,0,0,4,64,29,0,0,31,18,27,0,0
20,1652,2,0,0,0,0,10,0,50,5,6,15,37,0,0,0,0,0,0,0,8,1,1,0,0,0,173,0,0,0,4,64,29,0,0,30,18,27,0,0
20,1661,4,0,0,0,0,10,0,50,5,6,15,37,0,0,0,0,0,0,0,8,1,1,0,0,0,173,0,0,0,4,64,29,0,0,29,18,27,0,0
20,1674,2,0,0,0,0,10,0,50,5,6,15,37,0,0,0,0,0,0,0,8,1,1,0,0,0,173,0,0,0,4,64,29,0,0,29,18,27,0,0
20,1696,2,0,0,0,0,10,0,50,5,6,15,37,0,0,0,0,0,0,0,8,1,1,0,0,0,173,0,0,0,4,64,29,0,0,28,18,27,0,0
20,1703,2,0,0,0,0,10,0,50,5,6,15,37,0,0,0,0,0,0,0,8,1,1,0,0,0,173,0,0,0,4,64,29,0,0,28,18,27,0,0
20,1736,2,0,0,0,0,10,0,50,5,6,15,37,0,0,0,0,0,0,0,8,1,1,0,0,0,173,0,0,0,4,64,29,0,0,28,18,27,0,0
20,1775,2,0,0,0,0,10,0,50,5,6,15,37,0,0,0,0,0,0,0,8,1,1,0,0,0,173,0,0,0,4,64,29,0,0,27,18,27,0,0
20,1780,5,0,0,0,0,10,0,50,5,6,15,37,0,0,0,0,0,0,0,8,1,1,0,0,0,173,0,0,0,4,64,29,0,0,26,18,27,0,0
20,1803,2,0,0,0,0,10,0,50,5,6,15,37,0,0,0,0,0,0,0,8,1,1,0,0,0,173,0,0,0,4,64,29,0,0,26,18,27,0,0
20,1813,2,0,0,0,0,10,0,50,5,6,15,37,0,0,0,0,0,0,0,8,1,1,0,0,0,173,0,0,0,4,64,29,0,0,26,18,27,0,0
20,1832,2,0,0,0,0,10,0,50,5,6,15,37,0,0,0,0,0,0,0,8,1,1,0,0,0,173,0,0,0,4,64,29,0,0,25,18,27,0,0
20,1841,2,0,0,0,0,10,0,50,5,6,15,37,0,0,0,0,0,0,0,8,1,1,0,0,0,173,0,0,0,4,64,29,0,0,24,18,27,0,0
20,1848,2,0,0,0,0,10,0,50,5,6,15,37,0,0,0,0,0,0,0,8,1,1,0,0,0,173,0,0,0,4,64,29,0,0,24,18,27,0,0
20,1889,2,0,0,0,0,10,0,50,5,6,15,37,0,0,0,0,0,0,0,8,1,1,0,0,0,173,0,0,0,4,64,29,0,0,23,18,27,0,0
20,1914,4,0,0,0,0,10,0,50,5,6,15,37,0,0,0,0,0,0,0,8,1,1,0,0,0,173,0,0,0,4,64,29,0,0,22,18,27,0,0
20,1925,2,0,0,0,0,10,0,50,5,6,15,37,0,0,0,0,0,0,0,8,1,1,0,0,0,173,0,0,0,4,64,29,0,0,22,18,27,0,0
20,1939,2,0,0,0,0,10,0,50,5,5,15,37,0,0,0,0,0,0,0,8,1,1,0,0,0,173,0,0,0,4,64,29,0,0,22,18,27,0,0
20,1948,2,0,0,0,0,10,0,50,5,5,15,37,0,0,0,0,0,0,0,8,1,1,0,0,0,173,0,0,0,4,64,29,0,0,21,18,27,0,0
20,1991,2,0,0,0,0,10,0,50,5,5,15,37,0,0,0,0,0,0,0,8,1,1,0,0,0,173,0,0,0,4,64,29,0,0,20,18,27,0,0
20,1997,6,0,0,0,0,10,0,50,5,5,15,37,0,0,0,0,0,0,0,8,1,1,0,0,0,173,0,0,0,4,64,29,0,0,20,18,27,0,0
20,2005,2,0,0,0,0,10,0,50,5,5,15,37,0,0,0,0,0,0,0,8,1,1,0,0,0,173,0,0,0,4,64,29,0,0,20,18,27,0,0
20,2008,2,0,0,0,0,10,0,50,5,5,15,37,0,0,0,0,0,0,0,8,1,1,0,0,0,173,0,0,0,4,64,29,0,0,19,18,27,0,0
20,2056,6,0,0,0,0,10,0,50,5,5,15,37,0,0,0,0,0,0,0,8,1,1,0,0,0,173,0,0,0,4,64,29,0,0,18,18,27,0,0
20,2082,6,0,0,0,0,10,0,50,5,5,15,37,0,0,0,0,0,0,0,8,1,1,0,0,0,173,0,0,0,4,64,29,0,0,18,18,27,0,0
20,2085,8,0,0,0,0,10,0,50,5,5,15,37,0,0,0,0,0,0,0,8,1,1,0,0,0,173,0,0,0,4,64,29,0,0,18,18,27,0,0
20,2102,2,0,0,0,0,10,0,50,5,5,15,37,0,0,0,0,0,0,0,8,1,1,0,0,0,173,0,0,0,3,64,29,0,0,18,18,27,0,0
20,2107,3,0,0,0,0,10,0,50,5,5,15,37,0,0,0,0,0,0,0,8,1,1,0,0,0,173,0,0,0,3,64,29,0,0,17,18,27,0,0
20,2134,2,0,0,0,0,10,0,50,5,5,15,37,0,0,0,0,0,0,0,8,1,1,0,0,0,173,0,0,0,3,64,29,0,0,17,18,27,0,0
20,2164,3,0,0,0,0,10,0,50,5,5,15,37,0,0,0,0,0,0,0,8,1,1,0,0,0,173,0,0,0,3,64,29,0,0,17,18,27,0,0
20,2222,2,0,0,0,0,10,0,50,5,5,15,37,0,0,0,0,0,0,0,8,1,1,0,0,0,173,0,0,0,3,64,29,0,0,17,18,27,0,0
20,2321,2,0,0,0,0,10,0,50,5,4,15,37,0,0,0,0,0,0,0,8,1,1,0,0,0,173,0,0,0,3,64,29,0,0,17,18,27,0,0
20,2347,2,0,0,0,0,10,0,50,5,4,15,36,0,0,0,0,0,0,0,8,1,1,0,0,0,173,0,0,0,3,64,29,0,0,17,18,27,0,0
20,2369,2,0,0,0,0,10,0,50,5,4,15,36,0,0,0,0,0,0,0,8,1,1,0,0,0,173,0,0,0,3,64,29,0,0,17,18,27,0,0
20,2373,8,0,0,0,0,10,0,50,5,4,15,36,0,0,0,0,0,0,0,8,1,1,0,0,0,173,0,0,0,3,64,29,0,0,16,18,27,0,0
20,2403,6,0,0,0,0,10,0,50,5,4,15,36,0,0,0,0,0,0,0,8,1,1,0,0,0,173,0,0,0,3,64,29,0,0,16,18,27,0,0
20,2439,5,0,0,0,0,10,0,50,5,4,15,36,0,0,0,0,0,0,0,8,1,1,0,0,0,173,0,0,0,3,64,29,0,0,16,18,27,0,0
20,2445,2,0,0,0,0,10,0,50,5,4,15,36,0,0,0,0,0,0,0,8,1,1,0,0,0,173,0,0,0,3,64,29,0,0,16,18,27,0,0
20,2513,2,0,0,0,0,10,0,50,5,4,15,36,0,0,0,0,0,0,0,8,1,1,0,0,0,173,0,0,0,3,64,29,0,0,15,18,27,0,0
20,2545,4,0,0,0,0,10,0,50,5,4,15,36,0,0,0,0,0,0,0,8,1,1,0,0,0,173,0,0,0,3,64,29,0,0,15,18,27,0,0
20,2549,2,0,0,0,0,10,0,50,5,4,15,36,0,0,0,0,0,0,0,8,1,1,0,0,0,173,0,0,0,3,64,29,0,0,15,18,27,0,0
20,2577,2,0,0,0,0,10,0,50,5,4,15,36,0,0,0,0,0,0,0,8,1,1,0,0,0,173,0,0,0,3,64,29,0,0,14,18,27,0,0
20,2602,6,0,0,0,0,10,0,50,5,4,15,35,0,0,0,0,0,0,0,8,1,1,0,0,0,173,0,0,0,3,64,29,0,0,14,18,27,0,0
20,2634,2,0,0,0,0,10,0,50,5,4,15,35,0,0,0,0,0,0,0,8,1,1,0,0,0,173,0,0,0,3,64,29,0,0,14,18,27,0,0
20,2650,6,0,0,0,0,10,0,50,5,4,15,35,0,0,0,0,0,0,0,8,1,1,0,0,0,173,0,0,0,3,64,29,0,0,13,18,27,0,0
20,2683,4,0,0,0,0,10,0,50,5,4,15,35,0,0,0,0,0,0,0,8,1,1,0,0,0,173,0,0,0,3,64,29,0,0,13,18,27,0,0
20,2691,2,0,0,0,0,10,0,50,5,4,15,35,0,0,0,0,0,0,0,8,1,1,0,0,0,173,0,0,0,3,64,29,0,0,13,18,27,0,0
20,2701,8,0,0,0,0,10,0,50,5,4,15,35,0,0,0,0,0,0,0,8,1,1,0,0,0,173,0,0,0,3,64,29,0,0,13,18,27,0,0
20,2751,6,0,0,0,0,10,0,50,5,4,15,35,0,0,0,0,0,0,0,8,1,1,0,0,0,173,0,0,0,2,64,29,0,0,13,18,27,0,0
20,2775,7,0,0,0,0,10,0,50,5,4,15,35,0,0,0,0,0,0,0,8,1,1,0,0,0,173,0,0,0,2,64,29,0,0,13,18,27,0,0
20,2776,6,0,0,0,0,9,0,50,5,4,15,35,0,0,0,0,0,0,0,8,1,1,0,0,0,173,0,0,0,2,64,29,0,0,13,18,27,0,0
20,2783,4,0,0,0,0,9,0,50,5,4,15,35,0,0,0,0,0,0,0,8,1,1,0,0,0,173,0,0,0,2,64,29,0,0,13,18,27,0,0
20,2847,2,0,0,0,0,9,0,50,5,4,15,35,0,0,0,0,0,0,0,8,1,1,0,0,0,173,0,0,0,2,64,29,0,0,13,18,27,0,0
20,2859,6,0,0,0,0,9,0,50,5,4,15,35,0,0,0,0,0,0,0,8,1,1,0,0,0,173,0,0,0,2,64,29,0,0,12,18,27,0,0
20,2862,7,0,0,0,0,9,0,50,5,4,15,35,0,0,0,0,0,0,0,8,1,1,0,0,0,173,0,0,0,2,64,29,0,0,12,18,27,0,0
20,2865,2,0,0,0,0,8,0,50,5,4,15,35,0,0,0,0,0,0,0,8,1,1,0,0,0,173,0,0,0,2,64,29,0,0,12,18,27,0,0
20,2887,4,0,0,0,0,8,0,50,5,4,15,35,0,0,0,0,0,0,0,8,1,1,0,0,0,173,0,0,0,2,64,29,0,0,11,18,27,0,0
20,2899,3,0,0,0,0,8,0,50,5,4,15,35,0,0,0,0,0,0,0,8,1,1,0,0,0,173,0,0,0,2,64,29,0,0,11,18,27,0,0
20,2911,8,0,0,0,0,8,0,50,5,4,15,35,0,0,0,0,0,0,0,8,1,1,0,0,0,173,0,0,0,2,64,29,0,0,11,18,27,0,0
20,2918,8,0,0,0,0,8,0,50,5,4,15,35,0,0,0,0,0,0,0,8,1,1,0,0,0,173,0,0,0,1,64,29,0,0,11,18,27,0,0
20,2929,2,0,0,0,0,8,0,50,5,4,15,35,0,0,0,0,0,0,0,8,1,1,0,0,0,173,0,0,0,1,64,29,0,0,11,18,27,0,0
20,2972,6,0,0,0,0,8,0,50,5,4,15,35,0,0,0,0,0,0,0,8,1,1,0,0,0,173,0,0,0,1,64,29,0,0,10,18,27,0,0
20,9999,NA,0,0,0,0,8,0,50,5,4,15,35,0,0,0,0,0,0,0,8,1,1,0,0,0,173,0,0,0,1,64,29,0,0,10,18,27,0,0
17.1429,2593,7,0,0,0,0,2,0,50,1,0,10,30,0,0,0,0,0,0,0,7,1,1,0,0,0,170,0,0,0,0,64,29,0,0,0,18,23,0,0
17.1429,2812,7,0,0,0,0,1,0,50,1,0,10,30,0,0,0,0,0,0,0,7,1,1,0,0,0,170,0,0,0,0,64,29,0,0,0,18,23,0,0
15.7143,824,7,0,0,0,0,0,0,50,1,0,10,30,0,0,0,0,0,0,0,7,1,1,0,0,0,170,0,0,0,0,64,29,0,0,0,18,23,0,0
15.7143,2273,7,0,0,0,0,0,0,50,1,0,10,30,0,0,0,0,0,0,0,7,1,1,0,0,0,170,0,0,0,0,64,29,0,0,0,18,23,0,0
15,401,2,0,0,0,0,0,0,50,1,0,10,30,0,0,0,0,0,0,0,7,1,1,0,0,0,170,0,0,0,0,64,29,0,0,0,18,23,0,0
15,532,2,0,0,0,0,0,0,50,1,0,10,30,0,0,0,0,0,0,0,6,1,1,0,0,0,170,0,0,0,0,64,29,0,0,0,18,23,0,0
15,1206,2,0,0,0,0,0,0,50,1,0,10,30,0,0,0,0,0,0,0,6,1,1,0,0,0,170,0,0,0,0,64,29,0,0,0,18,22,0,0
15,1726,2,0,0,0,0,0,0,49,1,0,10,30,0,0,0,0,0,0,0,6,1,1,0,0,0,170,0,0,0,0,64,29,0,0,0,18,22,0,0
15,1782,2,0,0,0,0,0,0,49,1,0,9,30,0,0,0,0,0,0,0,6,1,1,0,0,0,170,0,0,0,0,64,29,0,0,0,18,22,0,0
15,1942,2,0,0,0,0,0,0,49,1,0,8,30,0,0,0,0,0,0,0,6,1,1,0,0,0,170,0,0,0,0,64,29,0,0,0,18,22,0,0
15,2057,2,0,0,0,0,0,0,49,1,0,8,30,0,0,0,0,0,0,0,6,1,1,0,0,0,170,0,0,0,0,64,29,0,0,0,18,21,0,0
15,2808,2,0,0,0,0,0,0,49,1,0,8,29,0,0,0,0,0,0,0,6,1,1,0,0,0,170,0,0,0,0,64,29,0,0,0,18,21,0,0
15,2905,2,0,0,0,0,0,0,49,1,0,8,29,0,0,0,0,0,0,0,6,1,1,0,0,0,169,0,0,0,0,64,29,0,0,0,18,21,0,0
14.2857,1264,7,0,0,0,0,0,0,49,1,0,8,29,0,0,0,0,0,0,0,6,1,1,0,0,0,168,0,0,0,0,64,29,0,0,0,18,21,0,0
11.4286,2926,7,0,0,0,0,0,0,49,1,0,8,29,0,0,0,0,0,0,0,6,1,1,0,0,0,168,0,0,0,0,64,29,0,0,0,18,21,0,0
10,1,6,0,0,0,0,0,0,49,1,0,8,29,0,0,0,0,0,0,0,6,1,1,0,0,0,168,0,0,0,0,64,29,0,0,0,18,21,0,0
10,17,2,0,0,0,0,0,0,49,1,0,8,29,0,0,0,0,0,0,0,6,1,1,0,0,0,168,0,0,0,0,64,29,0,0,0,18,21,0,0
10,18,4,0,0,0,0,0,0,49,1,0,8,29,0,0,0,0,0,0,0,6,1,1,0,0,0,168,0,0,0,0,63,29,0,0,0,18,21,0,0
10,20,5,0,0,0,0,0,0,49,1,0,8,29,0,0,0,0,0,0,0,5,1,1,0,0,0,167,0,0,0,0,63,29,0,0,0,18,21,0,0
10,23,8,0,0,0,0,0,0,49,1,0,8,29,0,0,0,0,0,0,0,5,1,1,0,0,0,166,0,0,0,0,63,29,0,0,0,18,21,0,0
10,26,2,0,0,0,0,0,0,49,1,0,8,28,0,0,0,0,0,0,0,5,1,1,0,0,0,163,0,0,0,0,63,29,0,0,0,18,21,0,0
10,52,4,0,0,0,0,0,0,49,1,0,7,28,0,0,0,0,0,0,0,5,1,1,0,0,0,163,0,0,0,0,63,29,0,0,0,18,21,0,0
10,70,2,0,0,0,0,0,0,49,1,0,7,27,0,0,0,0,0,0,0,5,1,1,0,0,0,162,0,0,0,0,63,29,0,0,0,18,21,0,0
10,89,6,0,0,0,0,0,0,49,1,0,7,27,0,0,0,0,0,0,0,5,1,1,0,0,0,161,0,0,0,0,63,29,0,0,0,18,21,0,0
10,104,2,0,0,0,0,0,0,49,1,0,7,27,0,0,0,0,0,0,0,5,1,1,0,0,0,160,0,0,0,0,62,29,0,0,0,18,20,0,0
10,106,2,0,0,0,0,0,0,49,1,0,7,26,0,0,0,0,0,0,0,5,1,1,0,0,0,160,0,0,0,0,62,29,0,0,0,18,20,0,0
10,107,4,0,0,0,0,0,0,49,1,0,7,26,0,0,0,0,0,0,0,5,1,1,0,0,0,159,0,0,0,0,62,29,0,0,0,18,20,0,0
10,120,2,0,0,0,0,0,0,49,1,0,7,26,0,0,0,0,0,0,0,5,1,1,0,0,0,157,0,0,0,0,62,29,0,0,0,18,20,0,0
10,128,6,0,0,0,0,0,0,49,1,0,7,26,0,0,0,0,0,0,0,5,1,1,0,0,0,156,0,0,0,0,62,29,0,0,0,18,20,0,0
10,159,4,0,0,0,0,0,0,49,1,0,7,26,0,0,0,0,0,0,0,3,1,1,0,0,0,156,0,0,0,0,62,28,0,0,0,18,20,0,0
10,172,8,0,0,0,0,0,0,48,1,0,7,25,0,0,0,0,0,0,0,3,1,1,0,0,0,156,0,0,0,0,62,28,0,0,0,18,20,0,0
10,202,4,0,0,0,0,0,0,47,1,0,6,24,0,0,0,0,0,0,0,3,1,1,0,0,0,155,0,0,0,0,62,28,0,0,0,18,20,0,0
10,211,2,0,0,0,0,0,0,47,1,0,6,24,0,0,0,0,0,0,0,3,1,1,0,0,0,155,0,0,0,0,60,28,0,0,0,18,20,0,0
10,213,7,0,0,0,0,0,0,46,1,0,6,24,0,0,0,0,0,0,0,3,1,1,0,0,0,155,0,0,0,0,60,28,0,0,0,18,20,0,0
10,227,8,0,0,0,0,0,0,46,1,0,6,23,0,0,0,0,0,0,0,3,1,1,0,0,0,155,0,0,0,0,60,28,0,0,0,18,18,0,0
10,248,4,0,0,0,0,0,0,46,0,0,6,23,0,0,0,0,0,0,0,3,1,1,0,0,0,153,0,0,0,0,59,28,0,0,0,18,18,0,0
10,263,2,0,0,0,0,0,0,46,0,0,6,23,0,0,0,0,0,0,0,3,1,1,0,0,0,151,0,0,0,0,59,28,0,0,0,18,18,0,0
10,265,2,0,0,0,0,0,0,45,0,0,6,23,0,0,0,0,0,0,0,3,1,1,0,0,0,151,0,0,0,0,59,28,0,0,0,18,18,0,0
10,278,7,0,0,0,0,0,0,44,0,0,6,23,0,0,0,0,0,0,0,3,1,1,0,0,0,151,0,0,0,0,59,28,0,0,0,18,18,0,0
10,324,8,0,0,0,0,0,0,44,0,0,6,23,0,0,0,0,0,0,0,3,1,1,0,0,0,150,0,0,0,0,59,28,0,0,0,18,16,0,0
10,344,8,0,0,0,0,0,0,43,0,0,6,22,0,0,0,0,0,0,0,3,1,1,0,0,0,148,0,0,0,0,59,28,0,0,0,18,16,0,0
10,360,2,0,0,0,0,0,0,43,0,0,5,22,0,0,0,0,0,0,0,3,1,1,0,0,0,147,0,0,0,0,59,28,0,0,0,17,15,0,0
10,362,4,0,0,0,0,0,0,43,0,0,5,22,0,0,0,0,0,0,0,3,1,1,0,0,0,146,0,0,0,0,59,28,0,0,0,17,15,0,0
10,382,4,0,0,0,0,0,0,43,0,0,5,22,0,0,0,0,0,0,0,3,1,1,0,0,0,144,0,0,0,0,59,28,0,0,0,17,15,0,0
10,388,2,0,0,0,0,0,0,42,0,0,5,21,0,0,0,0,0,0,0,3,1,1,0,0,0,144,0,0,0,0,59,28,0,0,0,17,15,0,0
10,436,4,0,0,0,0,0,0,42,0,0,5,21,0,0,0,0,0,0,0,3,1,1,0,0,0,144,0,0,0,0,59,28,0,0,0,17,14,0,0
10,441,8,0,0,0,0,0,0,42,0,0,5,21,0,0,0,0,0,0,0,2,1,1,0,0,0,143,0,0,0,0,59,28,0,0,0,17,14,0,0
10,463,4,0,0,0,0,0,0,41,0,0,4,21,0,0,0,0,0,0,0,2,1,1,0,0,0,142,0,0,0,0,59,28,0,0,0,17,13,0,0
10,470,5,0,0,0,0,0,0,41,0,0,4,21,0,0,0,0,0,0,0,2,1,1,0,0,0,140,0,0,0,0,59,28,0,0,0,17,13,0,0
10,501,8,0,0,0,0,0,0,41,0,0,4,21,0,0,0,0,0,0,0,2,1,1,0,0,0,139,0,0,0,0,59,27,0,0,0,17,13,0,0
10,516,2,0,0,0,0,0,0,40,0,0,4,21,0,0,0,0,0,0,0,2,1,1,0,0,0,136,0,0,0,0,59,27,0,0,0,17,13,0,0
10,524,6,0,0,0,0,0,0,40,0,0,4,21,0,0,0,0,0,0,0,2,1,1,0,0,0,136,0,0,0,0,59,26,0,0,0,17,13,0,0
10,541,5,0,0,0,0,0,0,40,0,0,4,21,0,0,0,0,0,0,0,2,1,1,0,0,0,136,0,0,0,0,56,26,0,0,0,17,13,0,0
10,544,3,0,0,0,0,0,0,40,0,0,4,21,0,0,0,0,0,0,0,2,1,1,0,0,0,136,0,0,0,0,54,26,0,0,0,17,13,0,0
10,570,2,0,0,0,0,0,0,40,0,0,4,21,0,0,0,0,0,0,0,2,1,1,0,0,0,136,0,0,0,0,53,26,0,0,0,17,13,0,0
10,573,2,0,0,0,0,0,0,40,0,0,4,21,0,0,0,0,0,0,0,2,1,1,0,0,0,136,0,0,0,0,53,25,0,0,0,17,13,0,0
10,576,4,0,0,0,0,0,0,40,0,0,4,21,0,0,0,0,0,0,0,2,1,1,0,0,0,136,0,0,0,0,52,25,0,0,0,17,13,0,0
10,582,2,0,0,0,0,0,0,39,0,0,4,21,0,0,0,0,0,0,0,2,0,1,0,0,0,136,0,0,0,0,52,25,0,0,0,17,13,0,0
10,584,4,0,0,0,0,0,0,38,0,0,4,21,0,0,0,0,0,0,0,2,0,1,0,0,0,136,0,0,0,0,52,25,0,0,0,17,13,0,0
10,599,2,0,0,0,0,0,0,36,0,0,4,21,0,0,0,0,0,0,0,2,0,1,0,0,0,136,0,0,0,0,52,25,0,0,0,17,13,0,0
10,624,2,0,0,0,0,0,0,36,0,0,4,21,0,0,0,0,0,0,0,2,0,1,0,0,0,135,0,0,0,0,52,25,0,0,0,17,13,0,0
10,632,2,0,0,0,0,0,0,36,0,0,4,21,0,0,0,0,0,0,0,2,0,1,0,0,0,134,0,0,0,0,52,25,0,0,0,17,13,0,0
10,637,2,0,0,0,0,0,0,36,0,0,4,21,0,0,0,0,0,0,0,2,0,1,0,0,0,133,0,0,0,0,52,25,0,0,0,17,13,0,0
10,638,4,0,0,0,0,0,0,36,0,0,4,21,0,0,0,0,0,0,0,2,0,1,0,0,0,132,0,0,0,0,52,25,0,0,0,17,13,0,0
10,647,4,0,0,0,0,0,0,36,0,0,4,21,0,0,0,0,0,0,0,2,0,1,0,0,0,132,0,0,0,0,50,25,0,0,0,17,13,0,0
10,675,8,0,0,0,0,0,0,34,0,0,4,21,0,0,0,0,0,0,0,2,0,1,0,0,0,132,0,0,0,0,50,25,0,0,0,17,13,0,0
10,705,4,0,0,0,0,0,0,32,0,0,4,21,0,0,0,0,0,0,0,2,0,1,0,0,0,131,0,0,0,0,50,24,0,0,0,17,13,0,0
10,711,2,0,0,0,0,0,0,31,0,0,4,21,0,0,0,0,0,0,0,2,0,1,0,0,0,131,0,0,0,0,49,24,0,0,0,17,13,0,0
10,768,8,0,0,0,0,0,0,31,0,0,4,21,0,0,0,0,0,0,0,2,0,1,0,0,0,131,0,0,0,0,49,24,0,0,0,17,12,0,0
10,779,6,0,0,0,0,0,0,29,0,0,4,21,0,0,0,0,0,0,0,2,0,1,0,0,0,129,0,0,0,0,49,24,0,0,0,17,12,0,0
10,786,4,0,0,0,0,0,0,28,0,0,4,21,0,0,0,0,0,0,0,2,0,1,0,0,0,129,0,0,0,0,48,23,0,0,0,17,12,0,0
10,806,4,0,0,0,0,0,0,28,0,0,4,21,0,0,0,0,0,0,0,2,0,1,0,0,0,129,0,0,0,0,48,23,0,0,0,15,12,0,0
10,910,4,0,0,0,0,0,0,28,0,0,3,21,0,0,0,0,0,0,0,2,0,1,0,0,0,128,0,0,0,0,48,23,0,0,0,15,12,0,0
10,925,2,0,0,0,0,0,0,28,0,0,3,20,0,0,0,0,0,0,0,2,0,1,0,0,0,128,0,0,0,0,48,23,0,0,0,14,12,0,0
10,939,2,0,0,0,0,0,0,28,0,0,3,20,0,0,0,0,0,0,0,2,0,1,0,0,0,128,0,0,0,0,48,23,0,0,0,14,12,0,0
10,947,4,0,0,0,0,0,0,28,0,0,3,20,0,0,0,0,0,0,0,2,0,1,0,0,0,127,0,0,0,0,48,23,0,0,0,14,12,0,0
10,949,2,0,0,0,0,0,0,28,0,0,3,20,0,0,0,0,0,0,0,2,0,1,0,0,0,126,0,0,0,0,47,23,0,0,0,14,12,0,0
10,983,7,0,0,0,0,0,0,28,0,0,3,20,0,0,0,0,0,0,0,2,0,1,0,0,0,125,0,0,0,0,47,23,0,0,0,14,12,0,0
10,987,6,0,0,0,0,0,0,28,0,0,1,20,0,0,0,0,0,0,0,2,0,1,0,0,0,124,0,0,0,0,47,23,0,0,0,14,12,0,0
10,999,4,0,0,0,0,0,0,28,0,0,1,20,0,0,0,0,0,0,0,2,0,1,0,0,0,121,0,0,0,0,47,23,0,0,0,14,12,0,0
10,1020,2,0,0,0,0,0,0,28,0,0,1,20,0,0,0,0,0,0,0,2,0,1,0,0,0,119,0,0,0,0,47,23,0,0,0,14,12,0,0
10,1027,2,0,0,0,0,0,0,28,0,0,1,19,0,0,0,0,0,0,0,2,0,1,0,0,0,119,0,0,0,0,47,23,0,0,0,14,12,0,0
10,1028,2,0,0,0,0,0,0,28,0,0,1,19,0,0,0,0,0,0,0,2,0,1,0,0,0,119,0,0,0,0,47,23,0,0,0,13,12,0,0
10,1042,6,0,0,0,0,0,0,28,0,0,1,19,0,0,0,0,0,0,0,2,0,1,0,0,0,118,0,0,0,0,47,23,0,0,0,13,12,0,0
10,1082,6,0,0,0,0,0,0,27,0,0,1,19,0,0,0,0,0,0,0,2,0,1,0,0,0,116,0,0,0,0,47,23,0,0,0,13,12,0,0
10,1089,2,0,0,0,0,0,0,27,0,0,1,19,0,0,0,0,0,0,0,2,0,1,0,0,0,113,0,0,0,0,47,23,0,0,0,13,12,0,0
10,1116,6,0,0,0,0,0,0,26,0,0,1,19,0,0,0,0,0,0,0,2,0,1,0,0,0,113,0,0,0,0,47,23,0,0,0,13,12,0,0
10,1122,8,0,0,0,0,0,0,24,0,0,1,19,0,0,0,0,0,0,0,2,0,1,0,0,0,113,0,0,0,0,46,23,0,0,0,13,12,0,0
10,1127,6,0,0,0,0,0,0,22,0,0,1,19,0,0,0,0,0,0,0,2,0,1,0,0,0,112,0,0,0,0,46,22,0,0,0,13,12,0,0
10,1134,2,0,0,0,0,0,0,21,0,0,0,19,0,0,0,0,0,0,0,2,0,1,0,0,0,112,0,0,0,0,46,21,0,0,0,13,12,0,0
10,1154,4,0,0,0,0,0,0,21,0,0,0,19,0,0,0,0,0,0,0,2,0,1,0,0,0,111,0,0,0,0,46,21,0,0,0,13,12,0,0
10,1168,2,0,0,0,0,0,0,21,0,0,0,19,0,0,0,0,0,0,0,2,0,1,0,0,0,109,0,0,0,0,46,21,0,0,0,13,12,0,0
10,1182,6,0,0,0,0,0,0,21,0,0,0,19,0,0,0,0,0,0,0,2,0,1,0,0,0,108,0,0,0,0,46,21,0,0,0,13,12,0,0
10,1213,8,0,0,0,0,0,0,21,0,0,0,19,0,0,0,0,0,0,0,2,0,1,0,0,0,105,0,0,0,0,46,21,0,0,0,13,12,0,0
10,1215,6,0,0,0,0,0,0,21,0,0,0,19,0,0,0,0,0,0,0,2,0,1,0,0,0,104,0,0,0,0,46,18,0,0,0,13,12,0,0
10,1261,2,0,0,0,0,0,0,21,0,0,0,19,0,0,0,0,0,0,0,2,0,1,0,0,0,101,0,0,0,0,46,18,0,0,0,13,12,0,0
10,1269,2,0,0,0,0,0,0,21,0,0,0,19,0,0,0,0,0,0,0,2,0,1,0,0,0,100,0,0,0,0,46,18,0,0,0,13,12,0,0
10,1272,7,0,0,0,0,0,0,21,0,0,0,19,0,0,0,0,0,0,0,2,0,1,0,0,0,99,0,0,0,0,46,18,0,0,0,13,12,0,0
10,1299,4,0,0,0,0,0,0,19,0,0,0,19,0,0,0,0,0,0,0,2,0,1,0,0,0,98,0,0,0,0,46,18,0,0,0,13,12,0,0
10,1301,4,0,0,0,0,0,0,19,0,0,0,19,0,0,0,0,0,0,0,2,0,1,0,0,0,96,0,0,0,0,46,18,0,0,0,13,12,0,0
10,1324,4,0,0,0,0,0,0,18,0,0,0,19,0,0,0,0,0,0,0,2,0,1,0,0,0,95,0,0,0,0,46,18,0,0,0,13,12,0,0
10,1334,8,0,0,0,0,0,0,16,0,0,0,19,0,0,0,0,0,0,0,2,0,1,0,0,0,95,0,0,0,0,46,18,0,0,0,13,12,0,0
10,1390,6,0,0,0,0,0,0,16,0,0,0,19,0,0,0,0,0,0,0,1,0,1,0,0,0,92,0,0,0,0,46,18,0,0,0,13,12,0,0
10,1392,4,0,0,0,0,0,0,15,0,0,0,19,0,0,0,0,0,0,0,1,0,1,0,0,0,91,0,0,0,0,46,18,0,0,0,13,11,0,0
10,1442,2,0,0,0,0,0,0,15,0,0,0,19,0,0,0,0,0,0,0,1,0,1,0,0,0,91,0,0,0,0,45,17,0,0,0,13,11,0,0
10,1445,2,0,0,0,0,0,0,14,0,0,0,19,0,0,0,0,0,0,0,1,0,1,0,0,0,91,0,0,0,0,45,17,0,0,0,13,11,0,0
10,1447,2,0,0,0,0,0,0,13,0,0,0,19,0,0,0,0,0,0,0,1,0,1,0,0,0,91,0,0,0,0,45,17,0,0,0,13,11,0,0
10,1450,6,0,0,0,0,0,0,13,0,0,0,19,0,0,0,0,0,0,0,1,0,1,0,0,0,90,0,0,0,0,45,17,0,0,0,13,11,0,0
10,1463,8,0,0,0,0,0,0,12,0,0,0,19,0,0,0,0,0,0,0,1,0,1,0,0,0,88,0,0,0,0,45,17,0,0,0,13,11,0,0
10,1465,4,0,0,0,0,0,0,12,0,0,0,19,0,0,0,0,0,0,0,1,0,1,0,0,0,86,0,0,0,0,44,17,0,0,0,12,11,0,0
10,1491,4,0,0,0,0,0,0,12,0,0,0,19,0,0,0,0,0,0,0,1,0,1,0,0,0,86,0,0,0,0,43,16,0,0,0,12,11,0,0
10,1504,2,0,0,0,0,0,0,11,0,0,0,19,0,0,0,0,0,0,0,1,0,1,0,0,0,86,0,0,0,0,43,15,0,0,0,12,11,0,0
10,1508,6,0,0,0,0,0,0,11,0,0,0,19,0,0,0,0,0,0,0,1,0,1,0,0,0,85,0,0,0,0,43,15,0,0,0,12,11,0,0
10,1516,3,0,0,0,0,0,0,11,0,0,0,19,0,0,0,0,0,0,0,0,0,1,0,0,0,85,0,0,0,0,43,15,0,0,0,10,11,0,0
10,1526,2,0,0,0,0,0,0,11,0,0,0,19,0,0,0,0,0,0,0,0,0,1,0,0,0,85,0,0,0,0,42,15,0,0,0,10,11,0,0
10,1536,2,0,0,0,0,0,0,11,0,0,0,19,0,0,0,0,0,0,0,0,0,1,0,0,0,85,0,0,0,0,41,15,0,0,0,10,11,0,0
10,1552,8,0,0,0,0,0,0,11,0,0,0,19,0,0,0,0,0,0,0,0,0,1,0,0,0,85,0,0,0,0,40,15,0,0,0,10,11,0,0
10,1598,2,0,0,0,0,0,0,11,0,0,0,19,0,0,0,0,0,0,0,0,0,1,0,0,0,85,0,0,0,0,37,14,0,0,0,10,11,0,0
10,1625,4,0,0,0,0,0,0,11,0,0,0,19,0,0,0,0,0,0,0,0,0,1,0,0,0,84,0,0,0,0,37,14,0,0,0,10,11,0,0
10,1627,8,0,0,0,0,0,0,11,0,0,0,19,0,0,0,0,0,0,0,0,0,1,0,0,0,84,0,0,0,0,37,12,0,0,0,10,11,0,0
10,1681,2,0,0,0,0,0,0,11,0,0,0,19,0,0,0,0,0,0,0,0,0,1,0,0,0,83,0,0,0,0,37,12,0,0,0,10,8,0,0
10,1705,7,0,0,0,0,0,0,11,0,0,0,19,0,0,0,0,0,0,0,0,0,1,0,0,0,83,0,0,0,0,37,12,0,0,0,10,7,0,0
10,1739,6,0,0,0,0,0,0,10,0,0,0,19,0,0,0,0,0,0,0,0,0,1,0,0,0,82,0,0,0,0,37,11,0,0,0,10,7,0,0
10,1745,2,0,0,0,0,0,0,10,0,0,0,19,0,0,0,0,0,0,0,0,0,1,0,0,0,80,0,0,0,0,37,11,0,0,0,10,6,0,0
10,1772,2,0,0,0,0,0,0,10,0,0,0,19,0,0,0,0,0,0,0,0,0,1,0,0,0,80,0,0,0,0,37,10,0,0,0,10,6,0,0
10,1794,2,0,0,0,0,0,0,10,0,0,0,19,0,0,0,0,0,0,0,0,0,1,0,0,0,80,0,0,0,0,37,10,0,0,0,10,5,0,0
10,1800,4,0,0,0,0,0,0,10,0,0,0,19,0,0,0,0,0,0,0,0,0,1,0,0,0,80,0,0,0,0,36,10,0,0,0,10,5,0,0
10,1801,2,0,0,0,0,0,0,10,0,0,0,19,0,0,0,0,0,0,0,0,0,1,0,0,0,78,0,0,0,0,36,10,0,0,0,10,5,0,0
10,1831,2,0,0,0,0,0,0,10,0,0,0,19,0,0,0,0,0,0,0,0,0,1,0,0,0,78,0,0,0,0,36,10,0,0,0,10,4,0,0
10,1833,2,0,0,0,0,0,0,10,0,0,0,19,0,0,0,0,0,0,0,0,0,1,0,0,0,77,0,0,0,0,36,10,0,0,0,10,4,0,0
10,1844,2,0,0,0,0,0,0,10,0,0,0,19,0,0,0,0,0,0,0,0,0,1,0,0,0,76,0,0,0,0,36,10,0,0,0,10,4,0,0
10,1863,6,0,0,0,0,0,0,10,0,0,0,19,0,0,0,0,0,0,0,0,0,1,0,0,0,75,0,0,0,0,36,10,0,0,0,10,4,0,0
10,1873,6,0,0,0,0,0,0,10,0,0,0,19,0,0,0,0,0,0,0,0,0,1,0,0,0,75,0,0,0,0,33,10,0,0,0,10,4,0,0
10,1892,6,0,0,0,0,0,0,10,0,0,0,19,0,0,0,0,0,0,0,0,0,1,0,0,0,72,0,0,0,0,33,10,0,0,0,10,4,0,0
10,1902,8,0,0,0,0,0,0,10,0,0,0,19,0,0,0,0,0,0,0,0,0,1,0,0,0,71,0,0,0,0,33,9,0,0,0,10,3,0,0
10,1905,2,0,0,0,0,0,0,7,0,0,0,19,0,0,0,0,0,0,0,0,0,1,0,0,0,71,0,0,0,0,33,8,0,0,0,10,3,0,0
10,1911,4,0,0,0,0,0,0,7,0,0,0,19,0,0,0,0,0,0,0,0,0,1,0,0,0,71,0,0,0,0,33,8,0,0,0,10,3,0,0
10,1980,4,0,0,0,0,0,0,7,0,0,0,19,0,0,0,0,0,0,0,0,0,1,0,0,0,70,0,0,0,0,32,8,0,0,0,10,3,0,0
10,1985,7,0,0,0,0,0,0,7,0,0,0,19,0,0,0,0,0,0,0,0,0,1,0,0,0,69,0,0,0,0,31,8,0,0,0,10,3,0,0
10,2020,2,0,0,0,0,0,0,7,0,0,0,19,0,0,0,0,0,0,0,0,0,1,0,0,0,69,0,0,0,0,28,8,0,0,0,10,3,0,0
10,2021,2,0,0,0,0,0,0,7,0,0,0,19,0,0,0,0,0,0,0,0,0,1,0,0,0,69,0,0,0,0,28,8,0,0,0,9,3,0,0
10,2070,6,0,0,0,0,0,0,7,0,0,0,18,0,0,0,0,0,0,0,0,0,1,0,0,0,69,0,0,0,0,28,8,0,0,0,9,3,0,0
10,2074,6,0,0,0,0,0,0,7,0,0,0,18,0,0,0,0,0,0,0,0,0,1,0,0,0,68,0,0,0,0,27,7,0,0,0,9,3,0,0
10,2077,2,0,0,0,0,0,0,7,0,0,0,18,0,0,0,0,0,0,0,0,0,1,0,0,0,66,0,0,0,0,27,7,0,0,0,8,3,0,0
10,2080,2,0,0,0,0,0,0,7,0,0,0,18,0,0,0,0,0,0,0,0,0,1,0,0,0,65,0,0,0,0,27,7,0,0,0,8,3,0,0
10,2089,4,0,0,0,0,0,0,7,0,0,0,18,0,0,0,0,0,0,0,0,0,1,0,0,0,65,0,0,0,0,26,7,0,0,0,8,3,0,0
10,2105,2,0,0,0,0,0,0,7,0,0,0,18,0,0,0,0,0,0,0,0,0,1,0,0,0,63,0,0,0,0,26,7,0,0,0,8,3,0,0
10,2125,8,0,0,0,0,0,0,7,0,0,0,18,0,0,0,0,0,0,0,0,0,1,0,0,0,63,0,0,0,0,26,7,0,0,0,7,3,0,0
10,2149,5,0,0,0,0,0,0,7,0,0,0,17,0,0,0,0,0,0,0,0,0,1,0,0,0,62,0,0,0,0,24,7,0,0,0,7,3,0,0
10,2153,6,0,0,0,0,0,0,7,0,0,0,17,0,0,0,0,0,0,0,0,0,1,0,0,0,62,0,0,0,0,22,7,0,0,0,7,3,0,0
10,2165,8,0,0,0,0,0,0,7,0,0,0,17,0,0,0,0,0,0,0,0,0,1,0,0,0,61,0,0,0,0,22,7,0,0,0,7,1,0,0
10,2187,6,0,0,0,0,0,0,7,0,0,0,17,0,0,0,0,0,0,0,0,0,1,0,0,0,57,0,0,0,0,22,7,0,0,0,7,1,0,0
10,2199,6,0,0,0,0,0,0,7,0,0,0,17,0,0,0,0,0,0,0,0,0,1,0,0,0,55,0,0,0,0,22,7,0,0,0,7,0,0,0
10,2221,2,0,0,0,0,0,0,7,0,0,0,17,0,0,0,0,0,0,0,0,0,1,0,0,0,54,0,0,0,0,20,7,0,0,0,7,0,0,0
10,2230,6,0,0,0,0,0,0,7,0,0,0,17,0,0,0,0,0,0,0,0,0,1,0,0,0,53,0,0,0,0,20,7,0,0,0,7,0,0,0
10,2238,6,0,0,0,0,0,0,7,0,0,0,17,0,0,0,0,0,0,0,0,0,1,0,0,0,52,0,0,0,0,20,5,0,0,0,7,0,0,0
10,2239,4,0,0,0,0,0,0,7,0,0,0,17,0,0,0,0,0,0,0,0,0,1,0,0,0,50,0,0,0,0,20,4,0,0,0,7,0,0,0
10,2246,2,0,0,0,0,0,0,7,0,0,0,16,0,0,0,0,0,0,0,0,0,1,0,0,0,50,0,0,0,0,19,4,0,0,0,7,0,0,0
10,2249,6,0,0,0,0,0,0,7,0,0,0,16,0,0,0,0,0,0,0,0,0,1,0,0,0,49,0,0,0,0,19,4,0,0,0,7,0,0,0
10,2266,6,0,0,0,0,0,0,7,0,0,0,16,0,0,0,0,0,0,0,0,0,1,0,0,0,46,0,0,0,0,19,4,0,0,0,7,0,0,0
10,2268,7,0,0,0,0,0,0,7,0,0,0,16,0,0,0,0,0,0,0,0,0,1,0,0,0,43,0,0,0,0,19,4,0,0,0,7,0,0,0
10,2284,2,0,0,0,0,0,0,4,0,0,0,16,0,0,0,0,0,0,0,0,0,1,0,0,0,43,0,0,0,0,19,4,0,0,0,7,0,0,0
10,2286,2,0,0,0,0,0,0,4,0,0,0,16,0,0,0,0,0,0,0,0,0,1,0,0,0,42,0,0,0,0,19,4,0,0,0,7,0,0,0
10,2301,2,0,0,0,0,0,0,4,0,0,0,16,0,0,0,0,0,0,0,0,0,1,0,0,0,42,0,0,0,0,19,4,0,0,0,6,0,0,0
10,2308,5,0,0,0,0,0,0,4,0,0,0,16,0,0,0,0,0,0,0,0,0,1,0,0,0,42,0,0,0,0,19,4,0,0,0,5,0,0,0
10,2337,2,0,0,0,0,0,0,4,0,0,0,16,0,0,0,0,0,0,0,0,0,1,0,0,0,41,0,0,0,0,18,4,0,0,0,5,0,0,0
10,2355,6,0,0,0,0,0,0,4,0,0,0,16,0,0,0,0,0,0,0,0,0,1,0,0,0,40,0,0,0,0,18,4,0,0,0,5,0,0,0
10,2363,6,0,0,0,0,0,0,4,0,0,0,16,0,0,0,0,0,0,0,0,0,1,0,0,0,39,0,0,0,0,18,4,0,0,0,3,0,0,0
10,2370,6,0,0,0,0,0,0,4,0,0,0,16,0,0,0,0,0,0,0,0,0,1,0,0,0,39,0,0,0,0,15,4,0,0,0,3,0,0,0
10,2375,8,0,0,0,0,0,0,4,0,0,0,16,0,0,0,0,0,0,0,0,0,1,0,0,0,36,0,0,0,0,15,4,0,0,0,3,0,0,0
10,2376,2,0,0,0,0,0,0,4,0,0,0,16,0,0,0,0,0,0,0,0,0,1,0,0,0,33,0,0,0,0,14,4,0,0,0,3,0,0,0
10,2419,2,0,0,0,0,0,0,4,0,0,0,16,0,0,0,0,0,0,0,0,0,1,0,0,0,32,0,0,0,0,14,4,0,0,0,3,0,0,0
10,2424,6,0,0,0,0,0,0,4,0,0,0,16,0,0,0,0,0,0,0,0,0,1,0,0,0,31,0,0,0,0,14,4,0,0,0,3,0,0,0
10,2441,4,0,0,0,0,0,0,4,0,0,0,16,0,0,0,0,0,0,0,0,0,1,0,0,0,30,0,0,0,0,12,4,0,0,0,3,0,0,0
10,2446,2,0,0,0,0,0,0,4,0,0,0,16,0,0,0,0,0,0,0,0,0,1,0,0,0,29,0,0,0,0,11,4,0,0,0,3,0,0,0
10,2447,2,0,0,0,0,0,0,4,0,0,0,16,0,0,0,0,0,0,0,0,0,1,0,0,0,28,0,0,0,0,11,4,0,0,0,3,0,0,0
10,2476,6,0,0,0,0,0,0,4,0,0,0,16,0,0,0,0,0,0,0,0,0,1,0,0,0,27,0,0,0,0,11,4,0,0,0,3,0,0,0
10,2484,7,0,0,0,0,0,0,4,0,0,0,14,0,0,0,0,0,0,0,0,0,1,0,0,0,27,0,0,0,0,10,4,0,0,0,3,0,0,0
10,2492,8,0,0,0,0,0,0,4,0,0,0,14,0,0,0,0,0,0,0,0,0,1,0,0,0,24,0,0,0,0,10,4,0,0,0,3,0,0,0
10,2500,2,0,0,0,0,0,0,4,0,0,0,14,0,0,0,0,0,0,0,0,0,1,0,0,0,20,0,0,0,0,10,4,0,0,0,3,0,0,0
10,2530,8,0,0,0,0,0,0,4,0,0,0,14,0,0,0,0,0,0,0,0,0,1,0,0,0,20,0,0,0,0,10,3,0,0,0,3,0,0,0
10,2540,6,0,0,0,0,0,0,3,0,0,0,14,0,0,0,0,0,0,0,0,0,1,0,0,0,19,0,0,0,0,10,1,0,0,0,3,0,0,0
10,2566,8,0,0,0,0,0,0,3,0,0,0,14,0,0,0,0,0,0,0,0,0,1,0,0,0,16,0,0,0,0,10,1,0,0,0,3,0,0,0
10,2569,4,0,0,0,0,0,0,3,0,0,0,14,0,0,0,0,0,0,0,0,0,1,0,0,0,12,0,0,0,0,10,1,0,0,0,3,0,0,0
10,2570,2,0,0,0,0,0,0,2,0,0,0,13,0,0,0,0,0,0,0,0,0,1,0,0,0,12,0,0,0,0,10,1,0,0,0,3,0,0,0
10,2616,4,0,0,0,0,0,0,2,0,0,0,13,0,0,0,0,0,0,0,0,0,1,0,0,0,11,0,0,0,0,10,1,0,0,0,3,0,0,0
10,2672,4,0,0,0,0,0,0,1,0,0,0,13,0,0,0,0,0,0,0,0,0,1,0,0,0,10,0,0,0,0,10,1,0,0,0,3,0,0,0
10,2692,2,0,0,0,0,0,0,1,0,0,0,13,0,0,0,0,0,0,0,0,0,1,0,0,0,8,0,0,0,0,10,1,0,0,0,3,0,0,0
10,2713,2,0,0,0,0,0,0,1,0,0,0,13,0,0,0,0,0,0,0,0,0,1,0,0,0,8,0,0,0,0,10,1,0,0,0,2,0,0,0
10,2732,6,0,0,0,0,0,0,1,0,0,0,13,0,0,0,0,0,0,0,0,0,1,0,0,0,8,0,0,0,0,9,1,0,0,0,2,0,0,0
10,2773,2,0,0,0,0,0,0,1,0,0,0,11,0,0,0,0,0,0,0,0,0,1,0,0,0,7,0,0,0,0,9,1,0,0,0,2,0,0,0
10,2785,2,0,0,0,0,0,0,1,0,0,0,11,0,0,0,0,0,0,0,0,0,1,0,0,0,6,0,0,0,0,9,1,0,0,0,2,0,0,0
10,2818,6,0,0,0,0,0,0,1,0,0,0,10,0,0,0,0,0,0,0,0,0,1,0,0,0,6,0,0,0,0,9,1,0,0,0,2,0,0,0
10,2826,8,0,0,0,0,0,0,1,0,0,0,9,0,0,0,0,0,0,0,0,0,1,0,0,0,6,0,0,0,0,8,0,0,0,0,2,0,0,0
10,2828,8,0,0,0,0,0,0,1,0,0,0,8,0,0,0,0,0,0,0,0,0,1,0,0,0,4,0,0,0,0,7,0,0,0,0,2,0,0,0
10,2860,2,0,0,0,0,0,0,1,0,0,0,4,0,0,0,0,0,0,0,0,0,1,0,0,0,4,0,0,0,0,7,0,0,0,0,2,0,0,0
10,2867,6,0,0,0,0,0,0,1,0,0,0,4,0,0,0,0,0,0,0,0,0,1,0,0,0,4,0,0,0,0,6,0,0,0,0,2,0,0,0
10,2886,4,0,0,0,0,0,0,0,0,0,0,2,0,0,0,0,0,0,0,0,0,1,0,0,0,4,0,0,0,0,6,0,0,0,0,2,0,0,0
10,2888,6,0,0,0,0,0,0,0,0,0,0,2,0,0,0,0,0,0,0,0,0,1,0,0,0,2,0,0,0,0,6,0,0,0,0,2,0,0,0
10,2893,2,0,0,0,0,0,0,0,0,0,0,2,0,0,0,0,0,0,0,0,0,0,0,0,0,0,0,0,0,0,6,0,0,0,0,2,0,0,0
10,2927,2,0,0,0,0,0,0,0,0,0,0,2,0,0,0,0,0,0,0,0,0,0,0,0,0,0,0,0,0,0,6,0,0,0,0,1,0,0,0
10,2932,3,0,0,0,0,0,0,0,0,0,0,2,0,0,0,0,0,0,0,0,0,0,0,0,0,0,0,0,0,0,5,0,0,0,0,1,0,0,0
10,2933,8,0,0,0,0,0,0,0,0,0,0,2,0,0,0,0,0,0,0,0,0,0,0,0,0,0,0,0,0,0,4,0,0,0,0,1,0,0,0
